target_neutral,product_ion,electron_energy_eV,cross_section_m2,relative_uncertainty,evidence_class
CF3,CF3+,10,1.5e-22,0.18,measured_parent_ionization
CF3,CF3+,11,2.9e-22,0.18,measured_parent_ionization
CF3,CF3+,12,4.1e-22,0.18,measured_parent_ionization
CF3,CF3+,13,6e-22,0.18,measured_parent_ionization
CF3,CF3+,14,9.9e-22,0.18,measured_parent_ionization
CF3,CF3+,15,1.11e-21,0.18,measured_parent_ionization
CF3,CF3+,16,1.4499999999999998e-21,0.18,measured_parent_ionization
CF3,CF3+,17,1.5699999999999999e-21,0.18,measured_parent_ionization
CF3,CF3+,18,1.67e-21,0.18,measured_parent_ionization
CF3,CF3+,19,1.9399999999999998e-21,0.18,measured_parent_ionization
CF3,CF3+,20,2.0399999999999997e-21,0.18,measured_parent_ionization
CF3,CF3+,22,2.7e-21,0.18,measured_parent_ionization
CF3,CF3+,24,3.03e-21,0.18,measured_parent_ionization
CF3,CF3+,26,3.15e-21,0.18,measured_parent_ionization
CF3,CF3+,28,3.1999999999999998e-21,0.18,measured_parent_ionization
CF3,CF3+,30,3.25e-21,0.18,measured_parent_ionization
CF3,CF3+,32,3.29e-21,0.18,measured_parent_ionization
CF3,CF3+,34,3.35e-21,0.18,measured_parent_ionization
CF3,CF3+,36,3.38e-21,0.18,measured_parent_ionization
CF3,CF3+,38,3.459999999999999e-21,0.18,measured_parent_ionization
CF3,CF3+,40,3.4999999999999996e-21,0.18,measured_parent_ionization
CF3,CF3+,45,3.5799999999999994e-21,0.18,measured_parent_ionization
CF3,CF3+,50,3.6e-21,0.18,measured_parent_ionization
CF3,CF3+,55,3.72e-21,0.18,measured_parent_ionization
CF3,CF3+,60,3.74e-21,0.18,measured_parent_ionization
CF3,CF3+,65,3.8e-21,0.18,measured_parent_ionization
CF3,CF3+,70,3.7599999999999995e-21,0.18,measured_parent_ionization
CF3,CF3+,80,3.68e-21,0.18,measured_parent_ionization
CF3,CF3+,90,3.65e-21,0.18,measured_parent_ionization
CF3,CF3+,100,3.4999999999999996e-21,0.18,measured_parent_ionization
CF3,CF3+,120,3.42e-21,0.18,measured_parent_ionization
CF3,CF3+,140,3.33e-21,0.18,measured_parent_ionization
CF3,CF3+,160,3.18e-21,0.18,measured_parent_ionization
CF3,CF3+,180,3.06e-21,0.18,measured_parent_ionization
CF3,CF3+,200,2.9199999999999997e-21,0.18,measured_parent_ionization
CF2,CF2+,10,5e-22,0.16,measured_parent_ionization
CF2,CF2+,11,9e-22,0.16,measured_parent_ionization
CF2,CF2+,12,1.5e-21,0.16,measured_parent_ionization
CF2,CF2+,13,1.8e-21,0.16,measured_parent_ionization
CF2,CF2+,14,2.5999999999999998e-21,0.16,measured_parent_ionization
CF2,CF2+,15,3.4999999999999996e-21,0.16,measured_parent_ionization
CF2,CF2+,16,3.9e-21,0.16,measured_parent_ionization
CF2,CF2+,17,4.1999999999999995e-21,0.16,measured_parent_ionization
CF2,CF2+,18,4.6999999999999995e-21,0.16,measured_parent_ionization
CF2,CF2+,19,5.5e-21,0.16,measured_parent_ionization
CF2,CF2+,20,6.3999999999999996e-21,0.16,measured_parent_ionization
CF2,CF2+,22,6.899999999999999e-21,0.16,measured_parent_ionization
CF2,CF2+,24,7.3e-21,0.16,measured_parent_ionization
CF2,CF2+,26,7.8e-21,0.16,measured_parent_ionization
CF2,CF2+,28,8.199999999999998e-21,0.16,measured_parent_ionization
CF2,CF2+,30,8.7e-21,0.16,measured_parent_ionization
CF2,CF2+,32,8.899999999999999e-21,0.16,measured_parent_ionization
CF2,CF2+,34,9.1e-21,0.16,measured_parent_ionization
CF2,CF2+,36,9.3e-21,0.16,measured_parent_ionization
CF2,CF2+,38,9.6e-21,0.16,measured_parent_ionization
CF2,CF2+,40,9.799999999999999e-21,0.16,measured_parent_ionization
CF2,CF2+,45,9.899999999999999e-21,0.16,measured_parent_ionization
CF2,CF2+,50,1.01e-20,0.16,measured_parent_ionization
CF2,CF2+,55,1.03e-20,0.16,measured_parent_ionization
CF2,CF2+,60,1.03e-20,0.16,measured_parent_ionization
CF2,CF2+,65,1.05e-20,0.16,measured_parent_ionization
CF2,CF2+,70,1.03e-20,0.16,measured_parent_ionization
CF2,CF2+,80,9.899999999999999e-21,0.16,measured_parent_ionization
CF2,CF2+,90,9.6e-21,0.16,measured_parent_ionization
CF2,CF2+,100,9.1e-21,0.16,measured_parent_ionization
CF2,CF2+,120,8.6e-21,0.16,measured_parent_ionization
CF2,CF2+,140,7.8e-21,0.16,measured_parent_ionization
CF2,CF2+,160,6.7e-21,0.16,measured_parent_ionization
CF2,CF2+,180,5.799999999999999e-21,0.16,measured_parent_ionization
CF2,CF2+,200,4.8999999999999994e-21,0.16,measured_parent_ionization
CF,CF+,12,3e-22,0.15,measured_parent_ionization
CF,CF+,13,7e-22,0.15,measured_parent_ionization
CF,CF+,14,1.2999999999999999e-21,0.15,measured_parent_ionization
CF,CF+,15,1.8e-21,0.15,measured_parent_ionization
CF,CF+,16,2.3e-21,0.15,measured_parent_ionization
CF,CF+,17,2.8e-21,0.15,measured_parent_ionization
CF,CF+,18,3.3e-21,0.15,measured_parent_ionization
CF,CF+,19,4e-21,0.15,measured_parent_ionization
CF,CF+,20,4.5e-21,0.15,measured_parent_ionization
CF,CF+,22,5.5e-21,0.15,measured_parent_ionization
CF,CF+,24,6.3e-21,0.15,measured_parent_ionization
CF,CF+,26,6.999999999999999e-21,0.15,measured_parent_ionization
CF,CF+,28,7.6e-21,0.15,measured_parent_ionization
CF,CF+,30,8.1e-21,0.15,measured_parent_ionization
CF,CF+,32,8.6e-21,0.15,measured_parent_ionization
CF,CF+,34,9.1e-21,0.15,measured_parent_ionization
CF,CF+,36,9.5e-21,0.15,measured_parent_ionization
CF,CF+,38,9.899999999999999e-21,0.15,measured_parent_ionization
CF,CF+,40,1.01e-20,0.15,measured_parent_ionization
CF,CF+,45,1.08e-20,0.15,measured_parent_ionization
CF,CF+,50,1.1499999999999998e-20,0.15,measured_parent_ionization
CF,CF+,55,1.1799999999999999e-20,0.15,measured_parent_ionization
CF,CF+,60,1.2299999999999999e-20,0.15,measured_parent_ionization
CF,CF+,65,1.25e-20,0.15,measured_parent_ionization
CF,CF+,70,1.25e-20,0.15,measured_parent_ionization
CF,CF+,80,1.26e-20,0.15,measured_parent_ionization
CF,CF+,90,1.25e-20,0.15,measured_parent_ionization
CF,CF+,100,1.2299999999999999e-20,0.15,measured_parent_ionization
CF,CF+,120,1.1399999999999998e-20,0.15,measured_parent_ionization
CF,CF+,140,1.0399999999999999e-20,0.15,measured_parent_ionization
CF,CF+,160,9e-21,0.15,measured_parent_ionization
CF,CF+,180,7.9e-21,0.15,measured_parent_ionization
CF,CF+,200,6.7e-21,0.15,measured_parent_ionization
