variant,step,physical_time_s,rms_relative_current_imbalance_face,max_relative_current_imbalance_face,active_face_count,rms_relative_current_imbalance_node,max_relative_current_imbalance_node,active_node_count,minimum_potential_v,maximum_potential_v,mean_potential_v,total_stored_charge_c
coarse,0,0.0,0.5355383167905315,1.0,176,0.31995069381135427,0.8740338531843946,135,-13.214625891573261,44.21017943678636,12.996754811885646,-8.306872482463447e-17
coarse,1,1.25e-07,0.5342860362066872,1.0,176,0.3193019109203051,0.8738309597758837,135,-13.215261899784656,44.20036164818777,12.99504817294118,-8.308894154615383e-17
coarse,2,2.5e-07,0.5314386023463119,1.0,176,0.31610916949475826,0.8737271132847385,135,-13.213334373829198,44.19328527831965,12.995681814466742,-8.30898876769757e-17
coarse,3,3.75e-07,0.5314514095492557,1.0,176,0.31475900390705847,0.8736187186507867,135,-13.213615298950721,44.18284542103648,12.993942310171995,-8.310681597756112e-17
coarse,4,5e-07,0.5312029294744172,1.0,176,0.31466880257432867,0.8733866837647696,135,-13.216448129461668,44.16852337733324,12.989183348496324,-8.314126396052245e-17
coarse,5,6.249999999999999e-07,0.5300784644682884,1.0,176,0.3136650374870107,0.8732041054551972,135,-13.216093649283001,44.15760370699795,12.987198330672005,-8.31502833142606e-17
coarse,6,7.5e-07,0.5293418884626304,1.0,176,0.3139204991149729,0.8731844803363941,135,-13.210551764885688,44.15401076985987,12.990584945840707,-8.311926072848523e-17
coarse,7,8.75e-07,0.5304184377191529,1.0,176,0.31601381400683226,0.8731121873899994,135,-13.211931683655173,44.14082543461768,12.986940915341647,-8.313946788332725e-17
coarse,8,1e-06,0.5290291443625713,1.0,176,0.31680269249268805,0.8731181146963113,135,-13.208047534714341,44.136286222529854,12.988728824413604,-8.311680862106827e-17
coarse,9,1.125e-06,0.5258162953987511,1.0,176,0.3194324499138442,0.8732195651742781,135,-13.203405317100348,44.13369188978775,12.991357228550777,-8.308669093778245e-17
coarse,10,1.2499999999999999e-06,0.5275040937246066,1.0,176,0.31982000195159044,0.8733629499293988,135,-13.19876340460525,44.131943993701185,12.994145786866152,-8.305575945829314e-17
coarse,11,1.375e-06,0.5270149466824068,1.0,176,0.32006549516673094,0.8731325781497318,135,-13.201339761613868,44.11968201870784,12.989315771466721,-8.307951045198552e-17
coarse,12,1.5e-06,0.5277176688792402,1.0,176,0.3191478048806425,0.8732944553873434,135,-13.193949146010086,44.12122078194684,12.994727855412505,-8.302763289507584e-17
coarse,13,1.625e-06,0.5273328689064959,1.0,176,0.3191854518582379,0.873127403805911,135,-13.196861131043455,44.10817852798505,12.988597173237967,-8.30585333612124e-17
coarse,14,1.75e-06,0.5239008376653825,1.0,176,0.3150255357976509,0.8730047085008615,135,-13.19928432215314,44.095579821452795,12.982452749637858,-8.308328158070521e-17
coarse,15,1.8749999999999998e-06,0.5257691493605141,1.0,176,0.31223859269406345,0.8730936025119338,135,-13.196890060158905,44.08820876662581,12.980727406434383,-8.307372818963781e-17
coarse,16,2e-06,0.5255860491582787,1.0,176,0.31297687775082117,0.8730849954816131,135,-13.195223059266974,44.080012986398714,12.97833613104559,-8.306816215977908e-17
coarse,17,2.125e-06,0.5242896533967268,1.0,176,0.31171177878232054,0.8731584585141277,135,-13.184867757056931,44.083671423033664,12.985094895513603,-8.299886336946353e-17
coarse,18,2.25e-06,0.5240296299228661,1.0,176,0.31099694029281816,0.8732704057041977,135,-13.177572557059504,44.08427958839622,12.98913505978363,-8.295511851973403e-17
coarse,19,2.3749999999999997e-06,0.5245123928301139,1.0,176,0.31062258254560193,0.8732838908400331,135,-13.172571373748804,44.08312627260756,12.992017488088475,-8.292421198507168e-17
coarse,20,2.4999999999999998e-06,0.5239294120705202,1.0,176,0.30914122023228235,0.8732592999364589,135,-13.167246964540755,44.082190995489704,12.995200197787847,-8.28936589704285e-17
coarse,21,2.625e-06,0.524051633614288,1.0,176,0.30988006811452384,0.8732204477228702,135,-13.162877440264326,44.08093823227585,12.997527198325232,-8.28707720413367e-17
coarse,22,2.75e-06,0.5236132312132904,1.0,176,0.3092142727127638,0.8734034224524874,135,-13.154324075937188,44.08541800484291,13.004183983642253,-8.281802396073408e-17
coarse,23,2.875e-06,0.523586645189077,1.0,176,0.30931799701666074,0.8734713565283074,135,-13.149394608219657,44.08549396279697,13.0074437504384,-8.279372952057711e-17
coarse,24,3e-06,0.5243328494371166,1.0,176,0.30897880531310773,0.8732950170016947,135,-13.146591174364783,44.08293852377729,13.008665152320553,-8.278512853821538e-17
coarse,25,3.1249999999999997e-06,0.5220543297090388,1.0,176,0.3062176682379719,0.8732880667744315,135,-13.14322683361322,44.080809041905354,13.0102905466935,-8.277284551584593e-17
coarse,26,3.25e-06,0.5210246978206354,1.0,176,0.30441953776691855,0.8731985772693913,135,-13.140992376155866,44.07646921942239,13.010621478048064,-8.277108979339951e-17
coarse,27,3.375e-06,0.5203712880639229,1.0,176,0.3037292909769987,0.8731805042379529,135,-13.13771712963127,44.07636405990838,13.014142462626308,-8.274921949541611e-17
coarse,28,3.5e-06,0.521759609806484,1.0,176,0.3053437292146216,0.8729328451817184,135,-13.13803247104821,44.07284551249768,13.01400904411396,-8.275245153608784e-17
coarse,29,3.625e-06,0.5206854036314749,1.0,176,0.3063304433806666,0.872570702117874,135,-13.145775257888939,44.05903100536969,13.005869045018901,-8.280842515216834e-17
coarse,30,3.7499999999999997e-06,0.5246271974957748,1.0,176,0.31089300613839926,0.8727389367495187,135,-13.13567048126949,44.065883747428856,13.01486691418423,-8.273749124576303e-17
coarse,31,3.875e-06,0.5247447337373182,1.0,176,0.3102822065737468,0.8729258274755409,135,-13.12139540737186,44.078306996695844,13.028437956542923,-8.264011703118337e-17
coarse,32,4e-06,0.5243289268996882,1.0,176,0.31092866479124953,0.8729253032004808,135,-13.117002878082983,44.07928841371219,13.032496063842082,-8.261802764582373e-17
coarse,33,4.1249999999999995e-06,0.5241647039976193,1.0,176,0.3104902327358787,0.8730258911168329,135,-13.111786443599886,44.08200339312359,13.037955838173222,-8.258843036750831e-17
coarse,34,4.25e-06,0.5240908332060046,1.0,176,0.3102733921722565,0.8729817544824631,135,-13.108936624462714,44.081586829891506,13.04105621411126,-8.257729171032013e-17
coarse,35,4.375e-06,0.5191896438584261,1.0,176,0.3086840805797919,0.8731537583312529,135,-13.100665597069979,44.08757369783988,13.04951886779439,-8.252938467918641e-17
coarse,36,4.5e-06,0.5190469345777119,1.0,176,0.3085657907021357,0.8729257735020134,135,-13.102183926127493,44.08208508923714,13.048621974223433,-8.25515838504318e-17
coarse,37,4.625e-06,0.517303710357487,1.0,176,0.3072057516157492,0.872825406538605,135,-13.10606157838702,44.07278326216418,13.044802690829563,-8.258945817616246e-17
coarse,38,4.749999999999999e-06,0.5172716650415673,1.0,176,0.30524108942567646,0.8728900668281513,135,-13.105113714771615,44.06852194684905,13.045475339473214,-8.259240882261616e-17
coarse,39,4.875e-06,0.516836603146125,1.0,176,0.30480216062135496,0.8727829202574297,135,-13.100180435810673,44.06695987911407,13.049977390039876,-8.256970491462518e-17
coarse,40,4.9999999999999996e-06,0.5176214994679359,1.0,176,0.3052384721170575,0.8727470687016308,135,-13.095200355798308,44.06574012921446,13.054725224395595,-8.254715089394181e-17
coarse,41,5.125e-06,0.5169780274933709,1.0,176,0.3042670178195357,0.8727371547690219,135,-13.09064471036434,44.06386983221311,13.059060375429908,-8.252856662228914e-17
coarse,42,5.25e-06,0.5174950561444427,1.0,176,0.30818254965299524,0.8726826814177707,135,-13.086817747581518,44.06130594307516,13.062880813159346,-8.251574500567039e-17
coarse,43,5.374999999999999e-06,0.5174894019309934,1.0,176,0.30792435191883927,0.8725817509025531,135,-13.083061290156396,44.05901826607353,13.066829219221407,-8.250199384541659e-17
coarse,44,5.5e-06,0.5176966709817529,1.0,176,0.3079459239811082,0.8723811071213293,135,-13.079976240013504,44.05614345751838,13.070246001552551,-8.249295328715642e-17
coarse,45,5.6249999999999995e-06,0.5163493958381731,1.0,176,0.30580846309443516,0.8720305691966584,135,-13.087540445744017,44.03979624382392,13.062859578319573,-8.25589634471426e-17
coarse,46,5.75e-06,0.5186406265627892,1.0,176,0.3067272240744473,0.8716467306117103,135,-13.102178180939138,44.017319939103885,13.050827035914466,-8.26498779691761e-17
coarse,47,5.875e-06,0.5187217025808737,1.0,176,0.3071936007998079,0.8713580939497163,135,-13.117686364975283,44.001106828596434,13.044193485102971,-8.269204057145164e-17
coarse,48,6e-06,0.5135858683142291,1.0,176,0.3075236986858917,0.8712783039193027,135,-13.129031660850075,43.99012609121861,13.041538337650845,-8.270050882309136e-17
coarse,49,6.125e-06,0.5137482472781733,1.0,176,0.3074567776647478,0.8711665822099178,135,-13.138777592791204,43.9815397491173,13.040610457696312,-8.2694270393416e-17
coarse,50,6.2499999999999995e-06,0.5086755543808191,1.0,176,0.3088108571268379,0.8710431831929112,135,-13.151875752384367,43.96803750168656,13.03581318664619,-8.271463678717371e-17
coarse,51,6.375e-06,0.5094098881633824,1.0,176,0.3098143436603175,0.8711038308246449,135,-13.156127896855075,43.96594760476006,13.04051895943453,-8.266724237238765e-17
coarse,52,6.5e-06,0.5092181800515965,1.0,176,0.3095534908507931,0.8712471489504354,135,-13.159608635464714,43.96551288204026,13.0467280185067,-8.261487641664224e-17
coarse,53,6.625e-06,0.5087278664775043,1.0,176,0.30910911152883125,0.8714588188394287,135,-13.164840607528095,43.96345136568377,13.051596979492231,-8.257728987668204e-17
coarse,54,6.75e-06,0.509629039329434,1.0,176,0.31041022703854737,0.871483963646657,135,-13.170159899196069,43.96209993386581,13.056858475789763,-8.254102699114498e-17
coarse,55,6.874999999999999e-06,0.509855779898406,1.0,176,0.3109856829504167,0.871316093234953,135,-13.182380463663733,43.9515303273625,13.054989171329412,-8.255925462026986e-17
coarse,56,7e-06,0.510925309754997,1.0,176,0.31067027976722866,0.8712223389448162,135,-13.194582274035735,43.940311382445216,13.052688670108154,-8.257740556701425e-17
coarse,57,7.1249999999999995e-06,0.5090896916188342,1.0,176,0.3083803186588728,0.8710779422369009,135,-13.204374265607456,43.93194304726216,13.052685596311305,-8.257695279117542e-17
coarse,58,7.25e-06,0.5088388910235058,1.0,176,0.3082721630190837,0.8709702466657869,135,-13.21478868890313,43.923068504386386,13.052282305035252,-8.258020094601464e-17
coarse,59,7.375e-06,0.5090637558788842,1.0,176,0.3087529839650869,0.8708724089000188,135,-13.22556257882885,43.91345918670032,13.051350319699743,-8.25864485069668e-17
coarse,60,7.499999999999999e-06,0.5092439548252296,1.0,176,0.30822375904378363,0.8707030373839374,135,-13.239814854193273,43.89753854250836,13.046311494146295,-8.262085677242091e-17
coarse,61,7.625e-06,0.5069079804175579,1.0,176,0.3070229489914203,0.8704810718986538,135,-13.248624562168944,43.889499119394834,13.046966081319503,-8.261201949643419e-17
coarse,62,7.75e-06,0.5125001093864492,1.0,176,0.3074231724015374,0.8703037362006926,135,-13.260323273535851,43.87725824841817,13.044491355940712,-8.262682746859027e-17
coarse,63,7.875e-06,0.5126106571759225,1.0,176,0.3073196721719073,0.8702233805394463,135,-13.266034183249483,43.87351922898426,13.048785652198369,-8.259488675665939e-17
coarse,64,8e-06,0.5123567277696404,1.0,176,0.30724571533544065,0.8701728485286682,135,-13.276029427833087,43.86457588183515,13.048863757895901,-8.259652796457701e-17
coarse,65,8.125e-06,0.5063349527254329,1.0,176,0.3076087275504683,0.870118751916327,135,-13.281939618453295,43.86128098230333,13.053427599077777,-8.256682442843984e-17
coarse,66,8.249999999999999e-06,0.5064954795628464,1.0,176,0.3076478813659105,0.8699806779645916,135,-13.293605339447256,43.85038830156081,13.051874577253605,-8.258202564796518e-17
coarse,67,8.375e-06,0.49982092901615943,1.0,176,0.3065354860071738,0.8699244130251791,135,-13.305476803182371,43.83856491303537,13.049733822333213,-8.259917662762003e-17
coarse,68,8.5e-06,0.49364401210261916,1.0,176,0.3055337061164537,0.8698381146062384,135,-13.31277931345318,43.83328187122179,13.052558361911588,-8.257957753275869e-17
coarse,69,8.625e-06,0.4936117420221313,1.0,176,0.3041639773025259,0.8697511171032924,135,-13.318872229090722,43.83039199729932,13.056983829357616,-8.255086723799597e-17
coarse,70,8.75e-06,0.49344113586101007,1.0,176,0.30413789051973644,0.8696681754104894,135,-13.32686579846311,43.82584567270763,13.059837357204477,-8.253671890594464e-17
coarse,71,8.874999999999999e-06,0.4952220597291386,1.0,176,0.3048486576847773,0.869411013230026,135,-13.341952799009123,43.81067810049137,13.054821782919722,-8.257882901761335e-17
coarse,72,9e-06,0.49524080374675106,1.0,176,0.30470956332953536,0.869344682772423,135,-13.353984822447005,43.79878661142001,13.052778509690924,-8.259766173840362e-17
coarse,73,9.125e-06,0.4956286116704545,1.0,176,0.30519536613225773,0.8693931822254433,135,-13.36422120935486,43.78901465913465,13.052489522781029,-8.260267641961588e-17
coarse,74,9.25e-06,0.49438506196159243,1.0,176,0.3036362245835395,0.8693649936382168,135,-13.367362931964879,43.78775154864721,13.059138891277218,-8.255598706478885e-17
coarse,75,9.375e-06,0.49434635548057143,1.0,176,0.3035034585681305,0.8694141102224905,135,-13.37090950768409,43.785753655530456,13.065062516865671,-8.252034306347793e-17
coarse,76,9.499999999999999e-06,0.4944096213422654,1.0,176,0.3033110256261442,0.8693645630236275,135,-13.375051018841809,43.783112449369895,13.070607804537756,-8.249068766904854e-17
coarse,77,9.625e-06,0.4943495162484992,1.0,176,0.3032876320235688,0.869146002934386,135,-13.383228768751335,43.775234232366124,13.071992863095433,-8.249306217823937e-17
coarse,78,9.75e-06,0.4942801754218975,1.0,176,0.30283379365723817,0.8691071752453002,135,-13.388040868218454,43.77241049330143,13.077184982381908,-8.246847824841438e-17
coarse,79,9.875e-06,0.49380133884331046,1.0,176,0.3021657410504152,0.8691287261596748,135,-13.391326824509798,43.773177715778644,13.084733660767736,-8.243094455233008e-17
coarse,80,9.999999999999999e-06,0.49375773582469284,1.0,176,0.30207753233051277,0.868875735630607,135,-13.401751453941424,43.764391544647445,13.084720476405678,-8.245006879706904e-17
refined,0,0.0,0.5355383167905315,1.0,176,0.31995069381135427,0.8740338531843946,135,-13.214625891573261,44.21017943678636,12.996754811885646,-8.306872482463447e-17
refined,1,6.25e-08,0.5358308983651482,1.0,176,0.32059327608595,0.8739314020788281,135,-13.214943895678953,44.20527054248706,12.995901492413418,-8.30788331853941e-17
refined,2,1.25e-07,0.5342739158742725,1.0,176,0.31928119611904626,0.8738787591781711,135,-13.214026907753142,44.201833631138875,12.99625161786496,-8.307984032468e-17
refined,3,1.875e-07,0.5313673545688237,1.0,176,0.3157444887661489,0.8737959430448871,135,-13.21365126468496,44.19757684910136,12.995999806233291,-8.308473799564675e-17
refined,4,2.5e-07,0.5314487511072716,1.0,176,0.3160302407368115,0.8736797078500478,135,-13.215146732250716,44.190690598725205,12.993749337740578,-8.310327043665449e-17
refined,5,3.1249999999999997e-07,0.5316454781388518,1.0,176,0.31503466894155796,0.8736038013152341,135,-13.214709303004676,44.18613676714427,12.993416669915218,-8.310735678822561e-17
refined,6,3.75e-07,0.5315943067407931,1.0,176,0.3150710565310317,0.8735093693033823,135,-13.217145662683151,44.17757385827815,12.989989346168418,-8.313228910517357e-17
refined,7,4.375e-07,0.531449561003567,1.0,176,0.314930456892986,0.8734273977570954,135,-13.217497145403724,44.1715985108636,12.98857936593353,-8.314137533159428e-17
refined,8,5e-07,0.5304192709175527,1.0,176,0.3143519427902802,0.8733306383985094,135,-13.217937447210147,44.165364548550656,12.986985923948849,-8.31506529433488e-17
refined,9,5.625e-07,0.5311848238866248,1.0,176,0.314618000080401,0.873240944924992,135,-13.215573435437568,44.16303131854425,12.988241947738922,-8.313866854406702e-17
refined,10,6.249999999999999e-07,0.5302653356177723,1.0,176,0.31412585407514476,0.873222939697666,135,-13.215656846638845,44.1572652656401,12.986994683463127,-8.314471564369622e-17
refined,11,6.875e-07,0.5286241904278016,1.0,176,0.3132321791432241,0.8732317408665529,135,-13.212874484041736,44.15546345659403,12.98868717585774,-8.312942149655707e-17
refined,12,7.5e-07,0.5284691583928729,1.0,176,0.31327800970893205,0.8731519368827673,135,-13.213227890440955,44.14958830455496,12.987176886980183,-8.313685894526764e-17
refined,13,8.125e-07,0.5303899168109535,1.0,176,0.3161529148353402,0.8731514860942989,135,-13.211241541519291,44.14678072293103,12.988092487384508,-8.312686519120119e-17
refined,14,8.75e-07,0.5303745788988762,1.0,176,0.31591544590305654,0.873161129319381,135,-13.208646115859835,44.14519239759153,12.989646080304649,-8.31121190510587e-17
refined,15,9.374999999999999e-07,0.5304825324609853,1.0,176,0.31543143247540406,0.8731771240887365,135,-13.20793357046819,44.141488433878,12.989398483215641,-8.3110323910995e-17
refined,16,1e-06,0.5289851263899151,1.0,176,0.3167318190264405,0.8731961560873203,135,-13.20558502788937,44.14035402743181,12.990837488410522,-8.309636462351031e-17
refined,17,1.0625e-06,0.5232697610437673,1.0,176,0.3157233567924259,0.8732125716241671,135,-13.204678895770225,44.13730273678781,12.990775511393487,-8.309208027544674e-17
refined,18,1.125e-06,0.5267739493239206,1.0,176,0.3199849785026228,0.873239659915345,135,-13.203130987625165,44.13512055439819,12.991377626070635,-8.308326010339344e-17
refined,19,1.1874999999999999e-06,0.5267954044928468,1.0,176,0.32003498844066275,0.8732975207486552,135,-13.201659672641865,44.13285790788023,12.991881497488356,-8.307455368451925e-17
refined,20,1.2499999999999999e-06,0.5267894624922346,1.0,176,0.31943018151866986,0.8732431167162771,135,-13.202715373124331,44.12717071748789,12.9897071963487,-8.308418429641335e-17
refined,21,1.3125e-06,0.5258842404696827,1.0,176,0.3197123004383222,0.8732333919489789,135,-13.201152634254385,44.12495996305191,12.990184646108915,-8.307434795763081e-17
refined,22,1.375e-06,0.5279189772910279,1.0,176,0.32054855527140697,0.8732627784084421,135,-13.198484191817201,44.124514036112004,12.991913587749345,-8.30559340916231e-17
refined,23,1.4375e-06,0.5266256381838036,1.0,176,0.3197345168975787,0.8731976200585314,135,-13.198374019112366,44.12041275952071,12.990967936027822,-8.305677668363886e-17
refined,24,1.5e-06,0.5268200591737713,1.0,176,0.3184745701124717,0.873196668627154,135,-13.199714613262337,44.11487152690065,12.988627905365433,-8.306694818393338e-17
refined,25,1.5624999999999999e-06,0.5265657431454559,1.0,176,0.3184033726119286,0.8731565300062469,135,-13.198824431995218,44.11148713899645,12.987862602577021,-8.306406946095604e-17
refined,26,1.625e-06,0.5271171347989164,1.0,176,0.3184982721657096,0.8731472132117646,135,-13.19715648671426,44.10906311825882,12.987881950901171,-8.305571748926648e-17
refined,27,1.6875e-06,0.5267678559658914,1.0,176,0.3185703386736147,0.8730270746668616,135,-13.198252048001285,44.10295440897791,12.984954781093998,-8.306747168727556e-17
refined,28,1.75e-06,0.5238600720945377,1.0,176,0.31496756702186324,0.8730627862436994,135,-13.197551423211458,44.0988928008847,12.983683332083736,-8.306601453762938e-17
refined,29,1.8125e-06,0.5289643899499482,1.0,176,0.314258485214402,0.8730278903947449,135,-13.19656388929502,44.09497239388368,12.982660971877399,-8.3063382487913e-17
refined,30,1.8749999999999998e-06,0.5258044243341251,1.0,176,0.31229180650389804,0.8731273151578711,135,-13.196114292841045,44.09051541696956,12.981156623322114,-8.306331038818929e-17
refined,31,1.9375e-06,0.5256257536206483,1.0,176,0.31304352517610023,0.8731235107599963,135,-13.195090198507094,44.08656614110112,12.980182712058816,-8.30597372673599e-17
refined,32,2e-06,0.5257644968600764,1.0,176,0.3133484532877356,0.8731709119560964,135,-13.18942546819826,44.08905602606891,12.984114410555897,-8.302210371086676e-17
refined,33,2.0624999999999997e-06,0.5241973387586427,1.0,176,0.31161972936907006,0.873201779261892,135,-13.18617108171269,44.088632908058734,12.985677121743413,-8.300231286696384e-17
refined,34,2.125e-06,0.5239421708483919,1.0,176,0.3112858809784599,0.8732284293435104,135,-13.182337405349038,44.08919309813413,12.98793147726381,-8.297914492255849e-17
refined,35,2.1875e-06,0.5245779534510764,1.0,176,0.310929233080601,0.8732000995635849,135,-13.1803540657444,44.088102847070886,12.988838351877087,-8.296666729472075e-17
refined,36,2.25e-06,0.5249049506043415,1.0,176,0.31151162532244336,0.8732306377798842,135,-13.178804227917587,44.086061743629465,12.989261045015501,-8.295833205366599e-17
refined,37,2.3125e-06,0.5247353283279944,1.0,176,0.3106166603482149,0.8732636572588159,135,-13.177338785430258,44.08381755161326,12.989581142525148,-8.295074267347023e-17
refined,38,2.3749999999999997e-06,0.5245385188344966,1.0,176,0.30974511857474823,0.8732025041750213,135,-13.175849387729277,44.0817872615578,12.98990559439363,-8.294314707564545e-17
refined,39,2.4375e-06,0.5242085960785695,1.0,176,0.3094103076193108,0.8732527232923539,135,-13.17188456450301,44.083396155656146,12.99276840515737,-8.291774854898208e-17
refined,40,2.4999999999999998e-06,0.5239739122332929,1.0,176,0.3091908870838583,0.873225474447231,135,-13.16916306522493,44.083353855034716,12.99439878886711,-8.290209222845482e-17
refined,41,2.5625e-06,0.5237340770121259,1.0,176,0.3090219975291119,0.8732071530848016,135,-13.1666459564066,44.0830989275302,12.995867561463568,-8.288809056661283e-17
refined,42,2.625e-06,0.5241550699442463,1.0,176,0.3100929890143579,0.8732493701314418,135,-13.162864197929869,44.08478737664836,12.99873629495115,-8.28648313312958e-17
refined,43,2.6874999999999997e-06,0.5237467400961875,1.0,176,0.30944389918153836,0.8732814421325401,135,-13.158826258838328,44.08673047130137,13.001846922905084,-8.284030267255371e-17
refined,44,2.75e-06,0.5236517963435804,1.0,176,0.30916990054780996,0.8733951277393801,135,-13.155721965981849,44.08748756955927,13.00405774914046,-8.282315293449392e-17
refined,45,2.8124999999999998e-06,0.5235428927086668,1.0,176,0.3092051348000536,0.8733776403992386,135,-13.1536357055015,44.0869217102478,13.005281215532053,-8.281367049009714e-17
refined,46,2.875e-06,0.5235935549780192,1.0,176,0.30935530788291854,0.873472540461315,135,-13.150077549033538,44.08843849999674,13.008098555949312,-8.27935526964388e-17
refined,47,2.9375e-06,0.5245194862070406,1.0,176,0.30912309707746516,0.8734054435159276,135,-13.148544664696999,44.08730160406821,13.008842149779099,-8.278839340079002e-17
refined,48,3e-06,0.5242558613642527,1.0,176,0.30895980265092887,0.873307074756614,135,-13.147163354779869,44.085841433783784,13.009363028390624,-8.278454781251922e-17
refined,49,3.0625e-06,0.5240131808375892,1.0,176,0.3083219855669735,0.8732969009935116,135,-13.14460608351813,44.085860673091176,13.011101788337417,-8.277229432408311e-17
refined,50,3.1249999999999997e-06,0.5220095283852954,1.0,176,0.3061420604270925,0.8732530738548259,135,-13.145596530915503,44.081068149682885,13.009129246961939,-8.278614075558313e-17
refined,51,3.1875e-06,0.5214290673874604,1.0,176,0.30479582879729306,0.8732332570862946,135,-13.143660411406879,44.07992118315206,13.010102041694417,-8.27790441847842e-17
refined,52,3.25e-06,0.5208527899037781,1.0,176,0.3042065244209062,0.8732235382049865,135,-13.14226205560661,44.079595594556345,13.011617874594146,-8.276967443437158e-17
refined,53,3.3125e-06,0.5204937505716305,1.0,176,0.30389956160409987,0.8732693223989885,135,-13.139499600337707,44.08176542009527,13.014614381312105,-8.274987659659007e-17
refined,54,3.375e-06,0.5214629612899649,1.0,176,0.3043359066673202,0.8732824133912702,135,-13.137233629568687,44.083288965940035,13.017135076703049,-8.273412509606949e-17
refined,55,3.4374999999999997e-06,0.522555227417687,1.0,176,0.30559882843644376,0.8730517746037225,135,-13.13818133484039,44.08035502574449,13.016276174072983,-8.274214153760587e-17
refined,56,3.5e-06,0.5226287254457992,1.0,176,0.3057702186145311,0.8729129228337699,135,-13.138459642947138,44.07807001364253,13.015950679926883,-8.274531842450331e-17
refined,57,3.5624999999999998e-06,0.5228002990938027,1.0,176,0.30596784704753677,0.8728137951080128,135,-13.142320128717031,44.07102836095317,13.011836922175148,-8.277372510879736e-17
refined,58,3.625e-06,0.5217731163536792,1.0,176,0.3071246933348823,0.8726616598689438,135,-13.14375851286253,44.06681298188407,13.010094815155108,-8.278426655493197e-17
refined,59,3.6875e-06,0.5243296530958537,1.0,176,0.3102186950543689,0.8726642280912806,135,-13.140642435810461,44.06780162792135,13.01267652437672,-8.276330884238912e-17
refined,60,3.7499999999999997e-06,0.5254668435087223,1.0,176,0.31120622437555057,0.8727185536608095,135,-13.136427185186072,44.0703227276199,13.016443572261517,-8.273444286397261e-17
refined,61,3.8125e-06,0.5251302321019791,1.0,176,0.3105617769720162,0.8728393402163557,135,-13.129463858965595,44.076374981203585,13.023025665360672,-8.268713987962928e-17
refined,62,3.875e-06,0.5248186939737569,1.0,176,0.3103595921241774,0.8728102110481348,135,-13.126935440072687,44.07688820755085,13.025151702840233,-8.267293098218025e-17
refined,63,3.9375e-06,0.5247945530126041,1.0,176,0.31058308020002184,0.8728581804428763,135,-13.122771355920376,44.079724431624676,13.029056447977668,-8.264706801453812e-17
refined,64,4e-06,0.5242549292304819,1.0,176,0.3108101085570162,0.8728942937848223,135,-13.119551598477397,44.08143693796064,13.032092364977476,-8.262843286193701e-17
refined,65,4.0625e-06,0.5243228994130298,1.0,176,0.31066354272658625,0.8729056487552073,135,-13.116387792404048,44.083455641366314,13.035356399888686,-8.260946871541431e-17
refined,66,4.1249999999999995e-06,0.524235619795006,1.0,176,0.3105503179569014,0.8729739085128381,135,-13.115221178855764,44.082860779379104,13.03657284882766,-8.260522723817804e-17
refined,67,4.1875e-06,0.5242307993692453,1.0,176,0.31049792972106516,0.873005118378058,135,-13.112799524795099,44.0838952072063,13.039097391284397,-8.25920289839836e-17
refined,68,4.25e-06,0.5241778366169995,1.0,176,0.31034108352251716,0.873022298556279,135,-13.108327174998983,44.087339431142475,13.043647298318904,-8.256516332038989e-17
refined,69,4.3125e-06,0.5204056385605115,1.0,176,0.31002652688322285,0.8730566188655554,135,-13.105184571995718,44.08911726743056,13.046918495081957,-8.254850469708217e-17
refined,70,4.375e-06,0.5191936253070836,1.0,176,0.3087075750516592,0.8731315570206066,135,-13.102950270518221,44.089941931818984,13.049295803927713,-8.253835809895034e-17
refined,71,4.4374999999999994e-06,0.519086940052909,1.0,176,0.30851780015963604,0.8729825212426539,135,-13.103510249537793,44.0873958861658,13.049017209851154,-8.254783834202021e-17
refined,72,4.5e-06,0.519038431992667,1.0,176,0.3085004724966259,0.8729014070483553,135,-13.10419690046902,44.0846243513451,13.048536738970803,-8.255777143818553e-17
refined,73,4.5625e-06,0.5174618617829634,1.0,176,0.30736156209163584,0.8729078691079156,135,-13.106975195379599,44.078670510698416,13.045701541767583,-8.25829175046281e-17
refined,74,4.625e-06,0.5172580627022578,1.0,176,0.30713245197242794,0.872818009238903,135,-13.1076366089235,44.07515255909752,13.044908928370656,-8.259270776055301e-17
refined,75,4.6875e-06,0.5173420561700163,1.0,176,0.30714767439441437,0.8728508161010547,135,-13.107419067011591,44.07264850117648,13.04496487104092,-8.259597420671824e-17
refined,76,4.749999999999999e-06,0.5172314101079155,1.0,176,0.3050270730495343,0.8728467230757466,135,-13.104931021051627,44.07307781756242,13.047376762317965,-8.258285086479951e-17
refined,77,4.8125e-06,0.5171800622271244,1.0,176,0.30512857594889914,0.8728047266922055,135,-13.106130735667719,44.067775433718154,13.04596177752166,-8.259746972710089e-17
refined,78,4.875e-06,0.5168864334051889,1.0,176,0.3048274462054762,0.8727517976098216,135,-13.10364152295833,44.06695890867643,13.048212012405356,-8.258576868711927e-17
refined,79,4.9375e-06,0.5170973949608854,1.0,176,0.30470802602048913,0.8727341246454521,135,-13.10013490374931,44.06750667252765,13.051572320512587,-8.256690797944717e-17
refined,80,4.9999999999999996e-06,0.5176433937866424,1.0,176,0.3052986779567972,0.8727491403057377,135,-13.09639223852156,44.06852108669714,13.055263567376349,-8.254668268716643e-17
refined,81,5.062499999999999e-06,0.5171967689978523,1.0,176,0.30441840789585806,0.8727361228559933,135,-13.093541481455919,44.068286007674324,13.05804345481745,-8.253344937157127e-17
refined,82,5.125e-06,0.5170712688971976,1.0,176,0.30434337886864876,0.8727177562103081,135,-13.092873753852516,44.06533859892853,13.058676017134077,-8.25359829998868e-17
refined,83,5.1875e-06,0.5171106975543912,1.0,176,0.30457138732766387,0.8726785473633576,135,-13.090899328683692,44.06411723027143,13.060640579825575,-8.25289241960741e-17
refined,84,5.25e-06,0.5176009700996116,1.0,176,0.3082920579447266,0.872658631674827,135,-13.089440360777912,44.06214423449777,13.062065673816557,-8.252576476669659e-17
refined,85,5.3124999999999995e-06,0.5174122637713234,1.0,176,0.3079722439154805,0.87253996315252,135,-13.0874953863643,44.06104416208177,13.06408006655675,-8.251812697098159e-17
refined,86,5.374999999999999e-06,0.5174563467175111,1.0,176,0.3078927333348707,0.8725744083270092,135,-13.084916088888185,44.060870038259495,13.06681467307366,-8.250595917760158e-17
refined,87,5.4375e-06,0.5178193434308035,1.0,176,0.3085186073139435,0.8724113312994399,135,-13.083442012404475,44.05929188921857,13.068433107907646,-8.250189764228939e-17
refined,88,5.5e-06,0.5178395624255254,1.0,176,0.30854393313887435,0.8723191474537229,135,-13.083485484229923,44.05571353851448,13.068467027626987,-8.250871167847304e-17
refined,89,5.5625e-06,0.5175343224944781,1.0,176,0.30770175716425163,0.8722242211369836,135,-13.084187364631196,44.05120273869055,13.067783273985304,-8.251993567817239e-17
refined,90,5.6249999999999995e-06,0.5164162223508766,1.0,176,0.3059819036522752,0.8720364844425337,135,-13.088329928319963,44.04227164925988,13.06357651070907,-8.255511434595164e-17
refined,91,5.687499999999999e-06,0.5184399095702391,1.0,176,0.30647447261556593,0.8718421717641066,135,-13.092558453917098,44.032863848736355,13.059069195259335,-8.259047312662652e-17
refined,92,5.75e-06,0.5185607510962882,1.0,176,0.3066072137767065,0.8716710216319415,135,-13.099523558597019,44.02238285253643,13.053675352591068,-8.262959282520745e-17
refined,93,5.8125e-06,0.5188529435708434,1.0,176,0.30682936867085203,0.8714930495158452,135,-13.108910006721525,44.01218188309052,13.048683167169234,-8.266348921264934e-17
refined,94,5.875e-06,0.5187028150046429,1.0,176,0.30715667238570726,0.8713926508322868,135,-13.11543935949914,44.005615598195654,13.046633316583003,-8.267497175439897e-17
refined,95,5.9374999999999995e-06,0.5193534708250911,1.0,176,0.3074739860085394,0.8714111425630379,135,-13.122189794327209,43.9986663641107,13.044215867200384,-8.268788668874267e-17
refined,96,6e-06,0.513354591756379,1.0,176,0.3073176879930793,0.8712848876614767,135,-13.127178173061598,43.994362637802055,13.04368635318607,-8.268581286095382e-17
refined,97,6.0625e-06,0.5135476817210504,1.0,176,0.3074827231232853,0.8712429040886984,135,-13.132426795732519,43.98966215089366,13.042857232612816,-8.268587319211244e-17
refined,98,6.125e-06,0.5137279819815435,1.0,176,0.30742406339159356,0.8711555108096881,135,-13.138564919959279,43.983648468868275,13.041038587986536,-8.269284110802535e-17
refined,99,6.1875e-06,0.5139239239615668,1.0,176,0.3081381058120143,0.8710388446908678,135,-13.145388068566767,43.97651834105002,13.038349212728269,-8.270521401349995e-17
refined,100,6.2499999999999995e-06,0.508502144358837,1.0,176,0.30867264856480603,0.8710130231692759,135,-13.148758603139084,43.97382405517728,13.039358501586714,-8.269134696014876e-17
refined,101,6.3125e-06,0.5097989788665525,1.0,176,0.30911139238437346,0.8711253342020662,135,-13.152173053222173,43.9712353598003,13.040430511809957,-8.267780936967092e-17
refined,102,6.375e-06,0.5094100210455942,1.0,176,0.309835114838372,0.8711202745249564,135,-13.155540311138758,43.96864445813369,13.041640468293856,-8.266415620358594e-17
refined,103,6.4375e-06,0.509251428920094,1.0,176,0.3096176280992619,0.8711444924734428,135,-13.157498822437967,43.96814826595241,13.044523145276564,-8.263970429961833e-17
refined,104,6.5e-06,0.509280385419209,1.0,176,0.30957004020125295,0.8712164786070418,135,-13.159704827767666,43.96756123062916,13.047292701390463,-8.26172868267319e-17
refined,105,6.5624999999999994e-06,0.5090908157567758,1.0,176,0.309288198979116,0.8712946318614367,135,-13.162553216785987,43.96624728711727,13.04948092416066,-8.260015162413053e-17
refined,106,6.625e-06,0.5087181867962777,1.0,176,0.30905099645846384,0.8714352046630143,135,-13.16565806258397,43.964715841151936,13.051486093419797,-8.258526916313185e-17
refined,107,6.6875e-06,0.509593442426133,1.0,176,0.3101082166678504,0.8714198371010142,135,-13.16822016330574,43.96411481504472,13.054170469024115,-8.256626334339043e-17
refined,108,6.75e-06,0.5096689221409363,1.0,176,0.3104741206412976,0.8713631543049246,135,-13.172789990648038,43.9609303700124,13.05487095183366,-8.256297267352365e-17
refined,109,6.8124999999999996e-06,0.5111618707285503,1.0,176,0.3109515794977098,0.8713776179020296,135,-13.177946903382688,43.95683530580403,13.054879018002769,-8.256442649776089e-17
refined,110,6.874999999999999e-06,0.5111547954171798,1.0,176,0.3109798193318978,0.8712962775349962,135,-13.182689924006075,43.95315235807518,13.055249167829817,-8.256293366323907e-17
refined,111,6.9375e-06,0.5110764230388639,1.0,176,0.3108427033637382,0.8711966268718813,135,-13.188625455024313,43.94769061469625,13.05423106208449,-8.257083332022249e-17
refined,112,7e-06,0.510849681666807,1.0,176,0.31056411781707516,0.8712590625256614,135,-13.193508223991294,43.943565954538414,13.054312811132116,-8.257054528740989e-17
refined,113,7.0625e-06,0.5112091367409909,1.0,176,0.3110587289934878,0.871125462295734,135,-13.198575031026444,43.93924736051895,13.054197604556988,-8.257166164745453e-17
refined,114,7.1249999999999995e-06,0.5091282966835836,1.0,176,0.3085089974342698,0.8710899996870456,135,-13.203920774856062,43.934460562888745,13.053727966654955,-8.257487249696133e-17
refined,115,7.187499999999999e-06,0.5089791398716974,1.0,176,0.3084325595664566,0.8709798752822266,135,-13.209140492125776,43.9300824230518,13.053553614463363,-8.2576492937782e-17
refined,116,7.25e-06,0.5088603295573938,1.0,176,0.308318413337493,0.8709695080133347,135,-13.215056401765759,43.92459905160939,13.052543102600037,-8.258375229622032e-17
refined,117,7.3125e-06,0.5087804886147798,1.0,176,0.30820129099588145,0.8709129788765791,135,-13.220450061826497,43.91976617624279,13.052055827792733,-8.258687140211997e-17
refined,118,7.375e-06,0.5090090841165675,1.0,176,0.30866927479632716,0.8708907345327165,135,-13.224845734062256,43.916416627665754,13.052695227834096,-8.258209302795287e-17
refined,119,7.4374999999999995e-06,0.5090509979884592,1.0,176,0.3087767812475047,0.8707585074125443,135,-13.231986311294559,43.90841729279399,13.050174781862696,-8.259956671051844e-17
refined,120,7.499999999999999e-06,0.5092397275201778,1.0,176,0.3081477764281933,0.8707441588118803,135,-13.237097286745836,43.90323029219451,13.04985197470628,-8.260098904945738e-17
refined,121,7.5625e-06,0.5081014915655877,1.0,176,0.3077569722129713,0.8706047184179313,135,-13.242679319628456,43.8977238092774,13.048987179264305,-8.260592243205587e-17
refined,122,7.625e-06,0.5070782123498823,1.0,176,0.3075618477886663,0.8704517581302548,135,-13.248800892492202,43.891262640521994,13.04744985943726,-8.261545233707074e-17
refined,123,7.687499999999999e-06,0.5125119942403144,1.0,176,0.3074786500290292,0.8703563993972452,135,-13.252983883181962,43.887272236897914,13.047983493626438,-8.261023715250419e-17
refined,124,7.75e-06,0.512426504564987,1.0,176,0.3074058919972057,0.8703388032435424,135,-13.257284705214214,43.883527248686626,13.048631739104126,-8.260564145114668e-17
refined,125,7.8125e-06,0.5123252501971534,1.0,176,0.30726535904459096,0.8702979776465704,135,-13.260459497800325,43.88136134911706,13.050570880024983,-8.25924418106255e-17
refined,126,7.875e-06,0.5125123449056558,1.0,176,0.30729086881675893,0.8702369333534968,135,-13.264452622009193,43.87811946208519,13.05166046947837,-8.258583383782459e-17
refined,127,7.9375e-06,0.5124172178192627,1.0,176,0.30718618798230657,0.8702086740237974,135,-13.26982757480288,43.87317257942651,13.051344369965916,-8.258967995086174e-17
refined,128,8e-06,0.5125100568310741,1.0,176,0.3073294008809891,0.8702287803993894,135,-13.274670291047327,43.8689224825505,13.051570489323396,-8.258950729293493e-17
refined,129,8.0625e-06,0.5123461907732585,1.0,176,0.3070796356347079,0.8701259637250432,135,-13.27856435230289,43.86598607929128,13.052842422233088,-8.258211257815099e-17
refined,130,8.125e-06,0.5063320180904225,1.0,176,0.3075647674743696,0.8699936823030046,135,-13.283602896545696,43.86161205675968,13.052890452111095,-8.258336152189596e-17
refined,131,8.187499999999999e-06,0.506175831139636,1.0,176,0.30741350666629197,0.8700212336948295,135,-13.288847268765288,43.85687204652462,13.05267358239277,-8.258617288973618e-17
refined,132,8.249999999999999e-06,0.5061651816498821,1.0,176,0.30739492609715063,0.869966216045542,135,-13.293478172205324,43.852870322450606,13.05305937852858,-8.258440885325643e-17
refined,133,8.3125e-06,0.5005024097149859,1.0,176,0.30717715431831966,0.8700399739623851,135,-13.298844884180351,43.84783522533706,13.052637661663793,-8.258835890951009e-17
refined,134,8.375e-06,0.49415663203888044,1.0,176,0.30623251883756925,0.869966625862793,135,-13.304190292791601,43.84262705251932,13.052213170931402,-8.259236413390279e-17
refined,135,8.4375e-06,0.4940613479831891,1.0,176,0.30602805062868,0.8699193084410052,135,-13.308726583294362,43.83876839822971,13.052666725396357,-8.258948502150748e-17
refined,136,8.5e-06,0.49369224003684953,1.0,176,0.3057106018069758,0.8698438579896516,135,-13.312599244475205,43.835853934914596,13.053885339651705,-8.258152139609494e-17
refined,137,8.5625e-06,0.4937682610383111,1.0,176,0.30444774208712666,0.869791234358395,135,-13.315499260221236,43.83449170922109,13.056244149103037,-8.256604968660025e-17
refined,138,8.625e-06,0.493704813573298,1.0,176,0.3042254716848286,0.8697074402764194,135,-13.318933532632236,43.83274120989387,13.058219147740651,-8.255451276530052e-17
refined,139,8.6875e-06,0.4934959526834041,1.0,176,0.3044617228524726,0.869689170571529,135,-13.323519757517852,43.82951704132749,13.058984086559754,-8.255190784817698e-17
refined,140,8.75e-06,0.4928971023175199,1.0,176,0.30396585906834855,0.8696132926489257,135,-13.328441759791477,43.82550981433323,13.059393170904993,-8.255220548746854e-17
refined,141,8.812499999999999e-06,0.4930236045977714,1.0,176,0.30443649301193476,0.8695108615059765,135,-13.334123441903904,43.81995646688344,13.058711434317797,-8.25592211885321e-17
refined,142,8.874999999999999e-06,0.49460969057162674,1.0,176,0.3044484388831949,0.8694601274851063,135,-13.339676613271324,43.81488659806846,13.05825661030893,-8.256495406859232e-17
refined,143,8.9375e-06,0.4951956992273387,1.0,176,0.30458654987991174,0.8693274433619401,135,-13.346230188597024,43.80803772970579,13.056560663489801,-8.257918189610881e-17
refined,144,9e-06,0.4950189077839321,1.0,176,0.3044335666834367,0.8692343376432841,135,-13.352340505003829,43.801956746404585,13.055437601419278,-8.258940415162097e-17
refined,145,9.0625e-06,0.49610420094600016,1.0,176,0.3061721988081395,0.8692653843900155,135,-13.358427929987611,43.795679463295606,13.054247559582738,-8.259958031431352e-17
refined,146,9.125e-06,0.4959215409897211,1.0,176,0.3058053227204904,0.8693390168012035,135,-13.361850000079583,43.792590480050755,13.055633755367376,-8.259028858448411e-17
refined,147,9.1875e-06,0.4944737644661278,1.0,176,0.3038427744808051,0.8694208722247587,135,-13.365097995703382,43.78984227612626,13.057258120798805,-8.257991572138341e-17
refined,148,9.25e-06,0.49445608499225935,1.0,176,0.3037905084663206,0.8693706086767979,135,-13.366512475578816,43.789177120704586,13.060484000801484,-8.255897996327233e-17
refined,149,9.3125e-06,0.49432577431396035,1.0,176,0.3035453031237921,0.8693974355451473,135,-13.36722458596065,43.78946515557266,13.064571429776898,-8.253321939445395e-17
refined,150,9.375e-06,0.4942856275208972,1.0,176,0.3034326974268225,0.8693957019596751,135,-13.369526177117764,43.7877002630614,13.067004599876787,-8.252006161058745e-17
refined,151,9.437499999999999e-06,0.4945374653912053,1.0,176,0.3034651294823956,0.8694251742350545,135,-13.372272458228958,43.78542569914754,13.069026720314135,-8.251046093580391e-17
refined,152,9.499999999999999e-06,0.494433154804959,1.0,176,0.3032758614709135,0.8692911712457483,135,-13.375800364821075,43.782109759701726,13.070224267851444,-8.250700588117494e-17
refined,153,9.5625e-06,0.4945234225403501,1.0,176,0.3034700377305033,0.8692550288676004,135,-13.379724334582235,43.7782770055936,13.07101092201521,-8.250661129241944e-17
refined,154,9.625e-06,0.49436570727726215,1.0,176,0.3028169371095947,0.8691124079518301,135,-13.383420485126003,43.77491534670328,13.07208533085577,-8.25041363246257e-17
refined,155,9.6875e-06,0.49379628286506677,1.0,176,0.30264344434370566,0.8691323128066858,135,-13.387049315476329,43.771868155574126,13.073337684854263,-8.25008440050242e-17
refined,156,9.75e-06,0.4939514639495665,1.0,176,0.3027566303325552,0.8690228691936406,135,-13.389572805939116,43.770557933544175,13.075897151102646,-8.248885100211234e-17
refined,157,9.8125e-06,0.49382768671312965,1.0,176,0.30235965221148714,0.8690774766809016,135,-13.39077399477992,43.77143250367753,13.080060311422502,-8.246634443061033e-17
refined,158,9.875e-06,0.49375661759353795,1.0,176,0.30209551318009814,0.8690415307944946,135,-13.393752597111172,43.77004005334314,13.082374588377137,-8.245790131510899e-17
refined,159,9.9375e-06,0.49391496393952067,1.0,176,0.3021250469170473,0.868865155090165,135,-13.398239786626007,43.766441087821164,13.08300969947706,-8.246153386145792e-17
refined,160,9.999999999999999e-06,0.4937431627479825,1.0,176,0.30204417309038023,0.8688491397071127,135,-13.40261312251217,43.762994837443635,13.083758316300578,-8.246422405392827e-17
