source_figure,cycle_duration_s,timing,initial_width_nm,etch_rate_nm_per_bias_min,cumulative_bias_time_s,derived_etch_depth_nm,plotted_lower_rate_nm_per_bias_min,plotted_upper_rate_nm_per_bias_min,marker_center_x_px,marker_center_y_px,upper_cap_y_px,lower_cap_y_px,digitization_rate_uncertainty_nm_per_bias_min,digitization_depth_uncertainty_nm,measurement_uncertainty_semantics,split,boundary_evidence_tier,observation_id,source_image_sha256
Figure 5e,4,I,80,147.948,168.75,416.104,136.933,158.099,1513.0,435.5,412.0,461.0,2.0,5.625,not_reported,held_out_transfer,B_facility_conditioned,yoshie_fig5_I_w80,de722d00eadba115a690562b519387ea79e3a634f19a12f6252df168c6056aef
Figure 5e,4,I,90,144.276,168.75,405.778,133.909,154.644,1655.0,444.0,420.0,468.0,2.0,5.625,not_reported,held_out_transfer,B_facility_conditioned,yoshie_fig5_I_w90,de722d00eadba115a690562b519387ea79e3a634f19a12f6252df168c6056aef
Figure 5e,4,I,100,141.253,168.75,397.273,130.886,151.620,1795.0,451.0,427.0,475.0,2.0,5.625,not_reported,held_out_transfer,B_facility_conditioned,yoshie_fig5_I_w100,de722d00eadba115a690562b519387ea79e3a634f19a12f6252df168c6056aef
Figure 5e,4,I,110,141.253,168.75,397.273,130.886,151.620,1936.0,451.0,427.0,475.0,2.0,5.625,not_reported,held_out_transfer,B_facility_conditioned,yoshie_fig5_I_w110,de722d00eadba115a690562b519387ea79e3a634f19a12f6252df168c6056aef
Figure 5e,4,I,120,141.469,168.75,397.881,130.886,152.052,2073.0,450.5,426.0,475.0,2.0,5.625,not_reported,held_out_transfer,B_facility_conditioned,yoshie_fig5_I_w120,de722d00eadba115a690562b519387ea79e3a634f19a12f6252df168c6056aef
Figure 5e,4,I,130,141.469,168.75,397.881,130.886,152.052,2216.0,450.5,426.0,475.0,2.0,5.625,not_reported,held_out_transfer,B_facility_conditioned,yoshie_fig5_I_w130,de722d00eadba115a690562b519387ea79e3a634f19a12f6252df168c6056aef
Figure 5e,4,I,140,141.253,168.75,397.273,130.886,151.620,2347.0,451.0,427.0,475.0,2.0,5.625,not_reported,held_out_transfer,B_facility_conditioned,yoshie_fig5_I_w140,de722d00eadba115a690562b519387ea79e3a634f19a12f6252df168c6056aef
Figure 5e,4,II,80,187.905,168.75,528.483,178.834,203.888,1513.0,343.0,306.0,364.0,2.0,5.625,not_reported,held_out_transfer,B_facility_conditioned,yoshie_fig5_II_w80,de722d00eadba115a690562b519387ea79e3a634f19a12f6252df168c6056aef
Figure 5e,4,II,90,218.359,168.75,614.133,206.911,229.806,1655.0,272.5,246.0,299.0,2.0,5.625,not_reported,held_out_transfer,B_facility_conditioned,yoshie_fig5_II_w90,de722d00eadba115a690562b519387ea79e3a634f19a12f6252df168c6056aef
Figure 5e,4,II,100,232.829,168.75,654.833,222.030,243.629,1795.0,239.0,214.0,264.0,2.0,5.625,not_reported,held_out_transfer,B_facility_conditioned,yoshie_fig5_II_w100,de722d00eadba115a690562b519387ea79e3a634f19a12f6252df168c6056aef
Figure 5e,4,II,110,243.413,168.75,684.598,232.397,254.428,1936.0,214.5,189.0,240.0,2.0,5.625,not_reported,held_out_transfer,B_facility_conditioned,yoshie_fig5_II_w110,de722d00eadba115a690562b519387ea79e3a634f19a12f6252df168c6056aef
Figure 5e,4,II,120,249.892,168.75,702.821,238.877,260.907,2073.0,199.5,174.0,225.0,2.0,5.625,not_reported,held_out_transfer,B_facility_conditioned,yoshie_fig5_II_w120,de722d00eadba115a690562b519387ea79e3a634f19a12f6252df168c6056aef
Figure 5e,4,II,130,256.371,168.75,721.045,244.924,267.819,2216.0,184.5,158.0,211.0,2.0,5.625,not_reported,held_out_transfer,B_facility_conditioned,yoshie_fig5_II_w130,de722d00eadba115a690562b519387ea79e3a634f19a12f6252df168c6056aef
Figure 5e,4,II,140,264.363,168.75,743.521,253.132,275.594,2347.0,166.0,140.0,192.0,2.0,5.625,not_reported,held_out_transfer,B_facility_conditioned,yoshie_fig5_II_w140,de722d00eadba115a690562b519387ea79e3a634f19a12f6252df168c6056aef
Figure 5e,4,III,80,165.443,168.75,465.308,155.076,176.242,1513.0,395.0,370.0,419.0,2.0,5.625,not_reported,held_out_transfer,B_facility_conditioned,yoshie_fig5_III_w80,de722d00eadba115a690562b519387ea79e3a634f19a12f6252df168c6056aef
Figure 5e,4,III,90,172.786,168.75,485.961,161.555,182.289,1655.0,378.0,356.0,404.0,2.0,5.625,not_reported,held_out_transfer,B_facility_conditioned,yoshie_fig5_III_w90,de722d00eadba115a690562b519387ea79e3a634f19a12f6252df168c6056aef
Figure 5e,4,III,100,176.674,168.75,496.895,165.443,187.041,1795.0,369.0,345.0,395.0,2.0,5.625,not_reported,held_out_transfer,B_facility_conditioned,yoshie_fig5_III_w100,de722d00eadba115a690562b519387ea79e3a634f19a12f6252df168c6056aef
Figure 5e,4,III,110,176.890,168.75,497.503,166.307,190.065,1936.0,368.5,338.0,393.0,2.0,5.625,not_reported,held_out_transfer,B_facility_conditioned,yoshie_fig5_III_w110,de722d00eadba115a690562b519387ea79e3a634f19a12f6252df168c6056aef
Figure 5e,4,III,120,176.458,168.75,496.288,165.443,187.473,2073.0,369.5,344.0,395.0,2.0,5.625,not_reported,held_out_transfer,B_facility_conditioned,yoshie_fig5_III_w120,de722d00eadba115a690562b519387ea79e3a634f19a12f6252df168c6056aef
Figure 5e,4,III,130,176.890,168.75,497.503,166.307,187.473,2216.0,368.5,344.0,393.0,2.0,5.625,not_reported,held_out_transfer,B_facility_conditioned,yoshie_fig5_III_w130,de722d00eadba115a690562b519387ea79e3a634f19a12f6252df168c6056aef
Figure 5e,4,III,140,176.026,168.75,495.073,165.011,187.473,2347.0,370.5,344.0,396.0,2.0,5.625,not_reported,held_out_transfer,B_facility_conditioned,yoshie_fig5_III_w140,de722d00eadba115a690562b519387ea79e3a634f19a12f6252df168c6056aef
Figure 6f,8,I,80,388.222,112.5,727.915,375.117,401.326,1397.0,363.0,351.0,375.0,4.0,7.500,not_reported,held_out_transfer,B_facility_conditioned,yoshie_fig6_I_w80,202e04674548182e40d2be4c7677cb1b1124cd9056f87baa13a1525495a9f7fe
Figure 6f,8,I,90,404.056,112.5,757.605,391.498,416.615,1521.0,348.5,337.0,360.0,4.0,7.500,not_reported,held_out_transfer,B_facility_conditioned,yoshie_fig6_I_w90,202e04674548182e40d2be4c7677cb1b1124cd9056f87baa13a1525495a9f7fe
Figure 6f,8,I,100,410.062,112.5,768.867,398.050,422.075,1656.0,343.0,332.0,354.0,4.0,7.500,not_reported,held_out_transfer,B_facility_conditioned,yoshie_fig6_I_w100,202e04674548182e40d2be4c7677cb1b1124cd9056f87baa13a1525495a9f7fe
Figure 6f,8,I,110,414.977,112.5,778.081,402.418,428.627,1787.0,338.5,326.0,350.0,4.0,7.500,not_reported,held_out_transfer,B_facility_conditioned,yoshie_fig6_I_w110,202e04674548182e40d2be4c7677cb1b1124cd9056f87baa13a1525495a9f7fe
Figure 6f,8,I,120,420.437,112.5,788.319,408.970,432.995,1919.0,333.5,322.0,344.0,4.0,7.500,not_reported,held_out_transfer,B_facility_conditioned,yoshie_fig6_I_w120,202e04674548182e40d2be4c7677cb1b1124cd9056f87baa13a1525495a9f7fe
Figure 6f,8,I,130,420.983,112.5,789.343,408.970,432.995,2042.0,333.0,322.0,344.0,4.0,7.500,not_reported,held_out_transfer,B_facility_conditioned,yoshie_fig6_I_w130,202e04674548182e40d2be4c7677cb1b1124cd9056f87baa13a1525495a9f7fe
Figure 6f,8,I,140,427.535,112.5,801.628,414.431,439.548,2171.0,327.0,316.0,339.0,4.0,7.500,not_reported,held_out_transfer,B_facility_conditioned,yoshie_fig6_I_w140,202e04674548182e40d2be4c7677cb1b1124cd9056f87baa13a1525495a9f7fe
Figure 6f,8,II,80,425.351,112.5,797.533,410.062,455.928,1397.0,329.0,301.0,343.0,4.0,7.500,not_reported,held_out_transfer,B_facility_conditioned,yoshie_fig6_II_w80,202e04674548182e40d2be4c7677cb1b1124cd9056f87baa13a1525495a9f7fe
Figure 6f,8,II,90,479.953,112.5,899.912,464.665,495.242,1521.0,279.0,265.0,293.0,4.0,7.500,not_reported,held_out_transfer,B_facility_conditioned,yoshie_fig6_II_w90,202e04674548182e40d2be4c7677cb1b1124cd9056f87baa13a1525495a9f7fe
Figure 6f,8,II,100,506.162,112.5,949.054,490.874,521.451,1656.0,255.0,241.0,269.0,4.0,7.500,not_reported,held_out_transfer,B_facility_conditioned,yoshie_fig6_II_w100,202e04674548182e40d2be4c7677cb1b1124cd9056f87baa13a1525495a9f7fe
Figure 6f,8,II,110,521.451,112.5,977.720,507.254,536.739,1787.0,241.0,227.0,254.0,4.0,7.500,not_reported,held_out_transfer,B_facility_conditioned,yoshie_fig6_II_w110,202e04674548182e40d2be4c7677cb1b1124cd9056f87baa13a1525495a9f7fe
Figure 6f,8,II,120,536.193,112.5,1005.363,522.543,549.844,1919.0,227.5,215.0,240.0,4.0,7.500,not_reported,held_out_transfer,B_facility_conditioned,yoshie_fig6_II_w120,202e04674548182e40d2be4c7677cb1b1124cd9056f87baa13a1525495a9f7fe
Figure 6f,8,II,130,547.660,112.5,1026.862,532.371,562.949,2042.0,217.0,203.0,231.0,4.0,7.500,not_reported,held_out_transfer,B_facility_conditioned,yoshie_fig6_II_w130,202e04674548182e40d2be4c7677cb1b1124cd9056f87baa13a1525495a9f7fe
Figure 6f,8,II,140,560.218,112.5,1050.410,545.476,574.961,2171.0,205.5,192.0,219.0,4.0,7.500,not_reported,held_out_transfer,B_facility_conditioned,yoshie_fig6_II_w140,202e04674548182e40d2be4c7677cb1b1124cd9056f87baa13a1525495a9f7fe
Figure 6f,8,III,80,321.061,112.5,601.989,306.318,335.803,1397.0,424.5,411.0,438.0,4.0,7.500,not_reported,held_out_transfer,B_facility_conditioned,yoshie_fig6_III_w80,202e04674548182e40d2be4c7677cb1b1124cd9056f87baa13a1525495a9f7fe
Figure 6f,8,III,90,352.730,112.5,661.369,340.172,365.289,1521.0,395.5,384.0,407.0,4.0,7.500,not_reported,held_out_transfer,B_facility_conditioned,yoshie_fig6_III_w90,202e04674548182e40d2be4c7677cb1b1124cd9056f87baa13a1525495a9f7fe
Figure 6f,8,III,100,366.381,112.5,686.964,353.276,381.669,1656.0,383.0,369.0,395.0,4.0,7.500,not_reported,held_out_transfer,B_facility_conditioned,yoshie_fig6_III_w100,202e04674548182e40d2be4c7677cb1b1124cd9056f87baa13a1525495a9f7fe
Figure 6f,8,III,110,382.215,112.5,716.654,369.657,395.866,1787.0,368.5,356.0,380.0,4.0,7.500,not_reported,held_out_transfer,B_facility_conditioned,yoshie_fig6_III_w110,202e04674548182e40d2be4c7677cb1b1124cd9056f87baa13a1525495a9f7fe
Figure 6f,8,III,120,393.682,112.5,738.153,381.669,405.694,1919.0,358.0,347.0,369.0,4.0,7.500,not_reported,held_out_transfer,B_facility_conditioned,yoshie_fig6_III_w120,202e04674548182e40d2be4c7677cb1b1124cd9056f87baa13a1525495a9f7fe
Figure 6f,8,III,130,398.596,112.5,747.367,387.129,410.062,2042.0,353.5,343.0,364.0,4.0,7.500,not_reported,held_out_transfer,B_facility_conditioned,yoshie_fig6_III_w130,202e04674548182e40d2be4c7677cb1b1124cd9056f87baa13a1525495a9f7fe
Figure 6f,8,III,140,403.510,112.5,756.582,392.590,415.523,2171.0,349.0,338.0,359.0,4.0,7.500,not_reported,held_out_transfer,B_facility_conditioned,yoshie_fig6_III_w140,202e04674548182e40d2be4c7677cb1b1124cd9056f87baa13a1525495a9f7fe
Figure 6f,8,IV,80,217.317,112.5,407.469,201.482,233.151,1397.0,519.5,505.0,534.0,4.0,7.500,not_reported,held_out_transfer,B_facility_conditioned,yoshie_fig6_IV_w80,202e04674548182e40d2be4c7677cb1b1124cd9056f87baa13a1525495a9f7fe
Figure 6f,8,IV,90,222.777,112.5,417.707,209.126,236.427,1521.0,514.5,502.0,527.0,4.0,7.500,not_reported,held_out_transfer,B_facility_conditioned,yoshie_fig6_IV_w90,202e04674548182e40d2be4c7677cb1b1124cd9056f87baa13a1525495a9f7fe
Figure 6f,8,IV,100,222.777,112.5,417.707,209.126,236.427,1656.0,514.5,502.0,527.0,4.0,7.500,not_reported,held_out_transfer,B_facility_conditioned,yoshie_fig6_IV_w100,202e04674548182e40d2be4c7677cb1b1124cd9056f87baa13a1525495a9f7fe
Figure 6f,8,IV,110,228.237,112.5,427.945,213.495,242.980,1787.0,509.5,496.0,523.0,4.0,7.500,not_reported,held_out_transfer,B_facility_conditioned,yoshie_fig6_IV_w110,202e04674548182e40d2be4c7677cb1b1124cd9056f87baa13a1525495a9f7fe
Figure 6f,8,IV,120,228.237,112.5,427.945,213.495,242.980,1919.0,509.5,496.0,523.0,4.0,7.500,not_reported,held_out_transfer,B_facility_conditioned,yoshie_fig6_IV_w120,202e04674548182e40d2be4c7677cb1b1124cd9056f87baa13a1525495a9f7fe
Figure 6f,8,IV,130,228.237,112.5,427.945,213.495,242.980,2042.0,509.5,496.0,523.0,4.0,7.500,not_reported,held_out_transfer,B_facility_conditioned,yoshie_fig6_IV_w130,202e04674548182e40d2be4c7677cb1b1124cd9056f87baa13a1525495a9f7fe
Figure 6f,8,IV,140,227.691,112.5,426.921,212.402,242.980,2171.0,510.0,496.0,524.0,4.0,7.500,not_reported,held_out_transfer,B_facility_conditioned,yoshie_fig6_IV_w140,202e04674548182e40d2be4c7677cb1b1124cd9056f87baa13a1525495a9f7fe
