experiment_key,lot_number,wafer_number,loc_id,X,Y,preox_thickness,postox_thickness,stepheight,oxide_etch,si_etch
2024-07-02_01,1,1,F10,0,-76000,1.0034,0.4474,40.907,0.556,40.351
2024-07-02_01,1,1,D8,-38000,-38000,0.9993,0.363,40.008,0.6363,39.3717
2024-07-02_01,1,1,H8,38000,-38000,1.0016,0.3663,40.2934,0.6353,39.6581
2024-07-02_01,1,1,B6,-76000,0,0.9978,0.4139,41.8219,0.5839,41.238
2024-07-02_01,1,1,F6,0,0,1.0019,0.264,41.6317,0.7379,40.8938
2024-07-02_01,1,1,J6,76000,0,1.0008,0.425,42.2894,0.5758,41.7136
2024-07-02_01,1,1,D4,-38000,38000,0.9994,0.3279,41.2011,0.6715,40.5296
2024-07-02_01,1,1,H4,38000,38000,1.0027,0.3326,41.4749,0.6701,40.8048
2024-07-02_01,1,1,F2,0,76000,0.9993,0.3752,43.4165,0.6241,42.7924
2024-07-02_02,1,2,F10,0,-76000,1.0035,0.4456,40.7313,0.5579,40.1734
2024-07-02_02,1,2,D8,-38000,-38000,0.999,0.3656,39.7854,0.6334,39.152
2024-07-02_02,1,2,H8,38000,-38000,1.0017,0.364,40.2005,0.6377,39.5628
2024-07-02_02,1,2,B6,-76000,0,0.9972,0.422,41.5027,0.5752,40.9275
2024-07-02_02,1,2,F6,0,0,1.0018,0.2686,41.3849,0.7332,40.6517
2024-07-02_02,1,2,J6,76000,0,1.0006,0.4182,42.1592,0.5824,41.5768
2024-07-02_02,1,2,D4,-38000,38000,0.9989,0.3332,40.9119,0.6657,40.2462
2024-07-02_02,1,2,H4,38000,38000,1.0028,0.3318,41.3533,0.671,40.6823
2024-07-02_02,1,2,F2,0,76000,0.999,0.3773,43.1768,0.6217,42.5551
2024-07-02_03,1,3,F10,0,-76000,1.0026,0.4475,40.7905,0.5551,40.2354
2024-07-02_03,1,3,D8,-38000,-38000,0.9989,0.3686,39.9308,0.6303,39.3005
2024-07-02_03,1,3,H8,38000,-38000,1.002,0.3657,40.38,0.6363,39.7437
2024-07-02_03,1,3,B6,-76000,0,0.9967,0.4265,41.5921,0.5702,41.0219
2024-07-02_03,1,3,F6,0,0,1.0017,0.2713,41.534,0.7304,40.8036
2024-07-02_03,1,3,J6,76000,0,1.0005,0.4197,42.3487,0.5808,41.7679
2024-07-02_03,1,3,D4,-38000,38000,0.9984,0.3368,41.0607,0.6616,40.3991
2024-07-02_03,1,3,H4,38000,38000,1.0019,0.3336,41.5694,0.6683,40.9011
2024-07-02_03,1,3,F2,0,76000,0.9988,0.3803,43.3048,0.6185,42.6863
2024-07-02_04,1,4,F10,0,-76000,1.0024,0.4523,40.5909,0.5501,40.0408
2024-07-02_04,1,4,D8,-38000,-38000,0.9987,0.3727,39.6926,0.626,39.0666
2024-07-02_04,1,4,H8,38000,-38000,1.001,0.3709,40.127,0.6301,39.4969
2024-07-02_04,1,4,B6,-76000,0,0.9963,0.4304,41.3393,0.5659,40.7734
2024-07-02_04,1,4,F6,0,0,1.0014,0.2771,41.2113,0.7243,40.487
2024-07-02_04,1,4,J6,76000,0,1,0.4269,42.0031,0.5731,41.43
2024-07-02_04,1,4,D4,-38000,38000,0.9979,0.3418,40.857,0.6561,40.2009
2024-07-02_04,1,4,H4,38000,38000,1.0019,0.3402,41.3125,0.6617,40.6508
2024-07-02_04,1,4,F2,0,76000,0.9985,0.3866,43.1425,0.6119,42.5306
2024-07-02_05,1,5,F10,0,-76000,1.0032,0.4594,40.1071,0.5438,39.5633
2024-07-02_05,1,5,D8,-38000,-38000,0.9979,0.3808,39.2833,0.6171,38.6662
2024-07-02_05,1,5,H8,38000,-38000,1.0011,0.3795,39.669,0.6216,39.0474
2024-07-02_05,1,5,B6,-76000,0,0.9959,0.4373,40.9402,0.5586,40.3816
2024-07-02_05,1,5,F6,0,0,1.0012,0.2872,40.9401,0.714,40.2261
2024-07-02_05,1,5,J6,76000,0,0.9999,0.436,41.5245,0.5639,40.9606
2024-07-02_05,1,5,D4,-38000,38000,0.9976,0.3498,40.4558,0.6478,39.808
2024-07-02_05,1,5,H4,38000,38000,1.0016,0.3492,40.8764,0.6524,40.224
2024-07-02_05,1,5,F2,0,76000,0.9981,0.3944,42.6942,0.6037,42.0905
2024-07-02_06,1,6,F10,0,-76000,1.0029,0.4588,40.2343,0.5441,39.6902
2024-07-02_06,1,6,D8,-38000,-38000,0.9978,0.3804,39.4304,0.6174,38.813
2024-07-02_06,1,6,H8,38000,-38000,1.0005,0.3793,39.8002,0.6212,39.179
2024-07-02_06,1,6,B6,-76000,0,0.9951,0.4378,41.1235,0.5573,40.5662
2024-07-02_06,1,6,F6,0,0,1.0011,0.2867,41.1102,0.7144,40.3958
2024-07-02_06,1,6,J6,76000,0,0.9996,0.4361,41.6531,0.5635,41.0896
2024-07-02_06,1,6,D4,-38000,38000,0.9973,0.3502,40.6252,0.6471,39.9781
2024-07-02_06,1,6,H4,38000,38000,1.0044,0.3494,41.0404,0.655,40.3854
2024-07-02_06,1,6,F2,0,76000,0.9979,0.3948,42.8832,0.6031,42.2801
2024-07-02_07,1,7,F10,0,-76000,1.0021,0.4619,40.1235,0.5402,39.5833
2024-07-02_07,1,7,D8,-38000,-38000,0.9975,0.3829,39.3034,0.6146,38.6888
2024-07-02_07,1,7,H8,38000,-38000,1.0004,0.3826,39.6555,0.6178,39.0377
2024-07-02_07,1,7,B6,-76000,0,0.9945,0.4402,41.0131,0.5543,40.4588
2024-07-02_07,1,7,F6,0,0,1.0006,0.2899,40.8769,0.7107,40.1662
2024-07-02_07,1,7,J6,76000,0,0.9992,0.4398,41.4764,0.5594,40.917
2024-07-02_07,1,7,D4,-38000,38000,1.0001,0.3527,40.5432,0.6474,39.8958
2024-07-02_07,1,7,H4,38000,38000,1.0049,0.3528,40.904,0.6521,40.2519
2024-07-02_07,1,7,F2,0,76000,0.9977,0.3983,42.7811,0.5994,42.1817
2024-07-02_08,1,8,F10,0,-76000,1.0018,0.466,39.7405,0.5358,39.2047
2024-07-02_08,1,8,D8,-38000,-38000,0.9965,0.3872,39.0457,0.6093,38.4364
2024-07-02_08,1,8,H8,38000,-38000,1.0001,0.3894,39.2691,0.6107,38.6584
2024-07-02_08,1,8,B6,-76000,0,0.994,0.4424,40.7761,0.5516,40.2245
2024-07-02_08,1,8,F6,0,0,1.0005,0.2959,40.6769,0.7046,39.9723
2024-07-02_08,1,8,J6,76000,0,0.9989,0.4472,41.0315,0.5517,40.4798
2024-07-02_08,1,8,D4,-38000,38000,0.9982,0.358,40.1045,0.6402,39.4643
2024-07-02_08,1,8,H4,38000,38000,1.001,0.36,40.5131,0.641,39.8721
2024-07-02_08,1,8,F2,0,76000,0.9976,0.4034,42.4296,0.5942,41.8354
2024-07-02_09,1,9,F10,0,-76000,1.0017,0.4645,39.9816,0.5372,39.4444
2024-07-02_09,1,9,D8,-38000,-38000,0.9966,0.3853,39.2512,0.6113,38.6399
2024-07-02_09,1,9,H8,38000,-38000,0.9999,0.3866,39.5726,0.6133,38.9593
2024-07-02_09,1,9,B6,-76000,0,0.9936,0.4428,40.9215,0.5508,40.3707
2024-07-02_09,1,9,F6,0,0,1.0002,0.2929,40.9329,0.7073,40.2256
2024-07-02_09,1,9,J6,76000,0,0.9987,0.4432,41.376,0.5555,40.8205
2024-07-02_09,1,9,D4,-38000,38000,0.9968,0.3554,40.4661,0.6414,39.8247
2024-07-02_09,1,9,H4,38000,38000,1.0025,0.3565,40.8212,0.646,40.1752
2024-07-02_09,1,9,F2,0,76000,0.9972,0.4021,42.6505,0.5951,42.0554
2024-07-02_10,1,10,F10,0,-76000,1.0015,0.4643,39.9366,0.5372,39.3994
2024-07-02_10,1,10,D8,-38000,-38000,0.9961,0.3854,39.2227,0.6107,38.612
2024-07-02_10,1,10,H8,38000,-38000,0.9995,0.3874,39.5034,0.6121,38.8913
2024-07-02_10,1,10,B6,-76000,0,0.9933,0.4414,40.9167,0.5519,40.3648
2024-07-02_10,1,10,F6,0,0,1,0.2938,40.8909,0.7062,40.1847
2024-07-02_10,1,10,J6,76000,0,0.9985,0.4443,41.2872,0.5542,40.733
2024-07-02_10,1,10,D4,-38000,38000,0.998,0.3568,40.4435,0.6412,39.8023
2024-07-02_10,1,10,H4,38000,38000,0.9997,0.3585,40.7443,0.6412,40.1031
2024-07-02_10,1,10,F2,0,76000,0.9968,0.4027,42.6069,0.5941,42.0128
2024-07-05_01,2,1,F10,0,-76000,1.001,0.4504,40.7699,0.5506,40.2193
2024-07-05_01,2,1,D8,-38000,-38000,0.996,0.3653,39.9481,0.6307,39.3174
2024-07-05_01,2,1,H8,38000,-38000,0.9993,0.3712,40.0632,0.6281,39.4351
2024-07-05_01,2,1,B6,-76000,0,0.9935,0.4133,41.8243,0.5802,41.2441
2024-07-05_01,2,1,F6,0,0,0.9997,0.2694,41.5374,0.7303,40.8071
2024-07-05_01,2,1,J6,76000,0,0.9981,0.4318,41.8744,0.5663,41.3081
2024-07-05_01,2,1,D4,-38000,38000,0.9953,0.3304,41.1627,0.6649,40.4978
2024-07-05_01,2,1,H4,38000,38000,1.0006,0.3406,41.2217,0.66,40.5617
2024-07-05_01,2,1,F2,0,76000,0.9964,0.38,43.3238,0.6164,42.7074
2024-07-05_02,2,2,F10,0,-76000,1.0005,0.4457,40.8121,0.5548,40.2573
2024-07-05_02,2,2,D8,-38000,-38000,0.9957,0.3614,40.0455,0.6343,39.4112
2024-07-05_02,2,2,H8,38000,-38000,0.9993,0.3657,40.16,0.6336,39.5264
2024-07-05_02,2,2,B6,-76000,0,0.9935,0.4125,41.9143,0.581,41.3333
2024-07-05_02,2,2,F6,0,0,0.9995,0.2661,41.4504,0.7334,40.717
2024-07-05_02,2,2,J6,76000,0,0.9981,0.4251,41.9411,0.573,41.3681
2024-07-05_02,2,2,D4,-38000,38000,0.9976,0.3279,41.2842,0.6697,40.6145
2024-07-05_02,2,2,H4,38000,38000,0.9998,0.3354,41.3546,0.6644,40.6902
2024-07-05_02,2,2,F2,0,76000,0.9962,0.377,43.4392,0.6192,42.82
2024-07-05_03,2,3,F10,0,-76000,1.0009,0.4515,40.5275,0.5494,39.9781
2024-07-05_03,2,3,D8,-38000,-38000,0.9957,0.3667,39.8561,0.629,39.2271
2024-07-05_03,2,3,H8,38000,-38000,0.9987,0.3712,39.9827,0.6275,39.3552
2024-07-05_03,2,3,B6,-76000,0,0.9925,0.4182,41.6447,0.5743,41.0704
2024-07-05_03,2,3,F6,0,0,0.999,0.2731,41.4274,0.7259,40.7015
2024-07-05_03,2,3,J6,76000,0,0.9977,0.4325,41.6825,0.5652,41.1173
2024-07-05_03,2,3,D4,-38000,38000,0.9956,0.334,41.0981,0.6616,40.4365
2024-07-05_03,2,3,H4,38000,38000,0.9989,0.3425,41.1925,0.6564,40.5361
2024-07-05_03,2,3,F2,0,76000,0.9963,0.3842,43.2082,0.6121,42.5961
2024-07-05_04,2,4,F10,0,-76000,0.9999,0.4573,40.05,0.5426,39.5074
2024-07-05_04,2,4,D8,-38000,-38000,0.9946,0.3744,39.4146,0.6202,38.7944
2024-07-05_04,2,4,H8,38000,-38000,0.9987,0.3786,39.5255,0.6201,38.9054
2024-07-05_04,2,4,B6,-76000,0,0.9922,0.4269,41.156,0.5653,40.5907
2024-07-05_04,2,4,F6,0,0,0.9989,0.2827,40.9809,0.7162,40.2647
2024-07-05_04,2,4,J6,76000,0,0.9975,0.4399,41.1788,0.5576,40.6212
2024-07-05_04,2,4,D4,-38000,38000,0.9955,0.3428,40.6478,0.6527,39.9951
2024-07-05_04,2,4,H4,38000,38000,1,0.3505,40.7358,0.6495,40.0863
2024-07-05_04,2,4,F2,0,76000,0.9959,0.3928,42.7068,0.6031,42.1037
2024-07-05_05,2,5,F10,0,-76000,0.9999,0.4585,40.1422,0.5414,39.6008
2024-07-05_05,2,5,D8,-38000,-38000,0.9954,0.3757,39.5103,0.6197,38.8906
2024-07-05_05,2,5,H8,38000,-38000,0.9984,0.3806,39.647,0.6178,39.0292
2024-07-05_05,2,5,B6,-76000,0,0.9923,0.4294,41.2559,0.5629,40.693
2024-07-05_05,2,5,F6,0,0,0.9983,0.2837,41.1276,0.7146,40.413
2024-07-05_05,2,5,J6,76000,0,0.9971,0.4417,41.3015,0.5554,40.7461
2024-07-05_05,2,5,D4,-38000,38000,0.9964,0.3446,40.7685,0.6518,40.1167
2024-07-05_05,2,5,H4,38000,38000,0.998,0.3516,40.8772,0.6464,40.2308
2024-07-05_05,2,5,F2,0,76000,0.9957,0.3946,42.8612,0.6011,42.2601
2024-07-05_06,2,6,F10,0,-76000,1.0004,0.4602,40.0176,0.5402,39.4774
2024-07-05_06,2,6,D8,-38000,-38000,0.9952,0.3791,39.4077,0.6161,38.7916
2024-07-05_06,2,6,H8,38000,-38000,0.9984,0.3829,39.5029,0.6155,38.8874
2024-07-05_06,2,6,B6,-76000,0,0.9922,0.4324,41.1794,0.5598,40.6196
2024-07-05_06,2,6,F6,0,0,0.9982,0.2873,41.0169,0.7109,40.306
2024-07-05_06,2,6,J6,76000,0,0.9974,0.4445,41.1379,0.5529,40.585
2024-07-05_06,2,6,D4,-38000,38000,0.9948,0.3472,40.6867,0.6476,40.0391
2024-07-05_06,2,6,H4,38000,38000,1.0027,0.3551,40.7602,0.6476,40.1126
2024-07-05_06,2,6,F2,0,76000,0.9951,0.3975,42.7584,0.5976,42.1608
2024-07-05_07,2,7,F10,0,-76000,0.9999,0.4622,39.9091,0.5377,39.3714
2024-07-05_07,2,7,D8,-38000,-38000,0.995,0.381,39.2782,0.614,38.6642
2024-07-05_07,2,7,H8,38000,-38000,0.9982,0.3845,39.4115,0.6137,38.7978
2024-07-05_07,2,7,B6,-76000,0,0.9917,0.4359,41.032,0.5558,40.4762
2024-07-05_07,2,7,F6,0,0,0.998,0.2892,40.7521,0.7088,40.0433
2024-07-05_07,2,7,J6,76000,0,0.9969,0.4464,41.0828,0.5505,40.5323
2024-07-05_07,2,7,D4,-38000,38000,0.9964,0.3502,40.5803,0.6462,39.9341
2024-07-05_07,2,7,H4,38000,38000,1.0018,0.3563,40.6789,0.6455,40.0334
2024-07-05_07,2,7,F2,0,76000,0.9948,0.3995,42.6887,0.5953,42.0934
2024-07-05_08,2,8,F10,0,-76000,0.9998,0.4642,39.5713,0.5356,39.0357
2024-07-05_08,2,8,D8,-38000,-38000,0.9952,0.3873,38.9764,0.6079,38.3685
2024-07-05_08,2,8,H8,38000,-38000,0.9981,0.3925,39.1079,0.6056,38.5023
2024-07-05_08,2,8,B6,-76000,0,0.9916,0.4406,40.6792,0.551,40.1282
2024-07-05_08,2,8,F6,0,0,0.9975,0.2889,40.6012,0.7086,39.8926
2024-07-05_08,2,8,J6,76000,0,0.9967,0.4504,40.7417,0.5463,40.1954
2024-07-05_08,2,8,D4,-38000,38000,0.9958,0.3552,40.2472,0.6406,39.6066
2024-07-05_08,2,8,H4,38000,38000,1,0.3617,40.3657,0.6383,39.7274
2024-07-05_08,2,8,F2,0,76000,0.9949,0.4073,42.3112,0.5876,41.7236
2024-07-05_09,2,9,F10,0,-76000,0.9998,0.4628,39.7829,0.537,39.2459
2024-07-05_09,2,9,D8,-38000,-38000,0.9954,0.3846,39.1827,0.6108,38.5719
2024-07-05_09,2,9,H8,38000,-38000,0.9982,0.39,39.3079,0.6082,38.6997
2024-07-05_09,2,9,B6,-76000,0,0.9918,0.4393,40.9092,0.5525,40.3567
2024-07-05_09,2,9,F6,0,0,0.9974,0.2875,40.8234,0.7099,40.1135
2024-07-05_09,2,9,J6,76000,0,0.9969,0.4492,40.939,0.5477,40.3913
2024-07-05_09,2,9,D4,-38000,38000,0.994,0.3516,40.4603,0.6424,39.8179
2024-07-05_09,2,9,H4,38000,38000,0.999,0.3588,40.5699,0.6402,39.9297
2024-07-05_09,2,9,F2,0,76000,0.9947,0.4054,42.5338,0.5893,41.9445
2024-07-05_10,2,10,F10,0,-76000,0.9997,0.4646,39.719,0.5351,39.1839
2024-07-05_10,2,10,D8,-38000,-38000,0.9944,0.3859,39.1253,0.6085,38.5168
2024-07-05_10,2,10,H8,38000,-38000,0.9981,0.3914,39.2478,0.6067,38.6411
2024-07-05_10,2,10,B6,-76000,0,0.992,0.4414,40.8389,0.5506,40.2883
2024-07-05_10,2,10,F6,0,0,0.9971,0.2886,40.7876,0.7085,40.0791
2024-07-05_10,2,10,J6,76000,0,0.9968,0.4508,40.8813,0.546,40.3353
2024-07-05_10,2,10,D4,-38000,38000,0.994,0.3534,40.4096,0.6406,39.769
2024-07-05_10,2,10,H4,38000,38000,0.9998,0.3613,40.5116,0.6385,39.8731
2024-07-05_10,2,10,F2,0,76000,0.9944,0.4075,42.4694,0.5869,41.8825
2024-07-09_01,3,1,F10,0,-76000,1.0001,0.4443,40.7454,0.5558,40.1896
2024-07-09_01,3,1,D8,-38000,-38000,0.9947,0.3587,39.9728,0.636,39.3368
2024-07-09_01,3,1,H8,38000,-38000,0.9982,0.3646,40.1345,0.6336,39.5009
2024-07-09_01,3,1,B6,-76000,0,0.9921,0.4096,41.8471,0.5825,41.2646
2024-07-09_01,3,1,F6,0,0,0.9966,0.2596,41.55,0.737,40.813
2024-07-09_01,3,1,J6,76000,0,0.9969,0.4259,42.0382,0.571,41.4672
2024-07-09_01,3,1,D4,-38000,38000,0.9954,0.3228,41.2129,0.6726,40.5403
2024-07-09_01,3,1,H4,38000,38000,0.9975,0.3314,41.344,0.6661,40.6779
2024-07-09_01,3,1,F2,0,76000,0.9946,0.372,43.3512,0.6226,42.7286
2024-07-09_02,3,2,F10,0,-76000,0.9994,0.4361,40.6554,0.5633,40.0921
2024-07-09_02,3,2,D8,-38000,-38000,0.9963,0.3566,39.8339,0.6397,39.1942
2024-07-09_02,3,2,H8,38000,-38000,0.9982,0.3595,40.0116,0.6387,39.3729
2024-07-09_02,3,2,B6,-76000,0,0.9927,0.4092,41.6374,0.5835,41.0539
2024-07-09_02,3,2,F6,0,0,0.996,0.2596,41.3177,0.7364,40.5813
2024-07-09_02,3,2,J6,76000,0,0.9967,0.419,41.8127,0.5777,41.235
2024-07-09_02,3,2,D4,-38000,38000,0.9954,0.3219,41.0367,0.6735,40.3632
2024-07-09_02,3,2,H4,38000,38000,1.0002,0.3285,41.2096,0.6717,40.5379
2024-07-09_02,3,2,F2,0,76000,0.9944,0.3705,43.2107,0.6239,42.5868
2024-07-09_03,3,3,F10,0,-76000,1.007,0.4462,40.7516,0.5608,40.1908
2024-07-09_03,3,3,D8,-38000,-38000,1.0039,0.3644,39.9505,0.6395,39.311
2024-07-09_03,3,3,H8,38000,-38000,1.0056,0.3663,40.1367,0.6393,39.4974
2024-07-09_03,3,3,B6,-76000,0,1.0024,0.4194,41.7654,0.583,41.1824
2024-07-09_03,3,3,F6,0,0,1.0038,0.2676,41.4983,0.7362,40.7621
2024-07-09_03,3,3,J6,76000,0,1.0057,0.4266,41.9189,0.5791,41.3398
2024-07-09_03,3,3,D4,-38000,38000,1.0043,0.3302,41.1849,0.6741,40.5108
2024-07-09_03,3,3,H4,38000,38000,1.0049,0.3352,41.3542,0.6697,40.6845
2024-07-09_03,3,3,F2,0,76000,1.0019,0.3777,43.3739,0.6242,42.7497
2024-07-09_04,3,4,F10,0,-76000,1.0071,0.4512,40.5435,0.5559,39.9876
2024-07-09_04,3,4,D8,-38000,-38000,1.0043,0.3709,39.7844,0.6334,39.151
2024-07-09_04,3,4,H8,38000,-38000,1.0063,0.373,39.9869,0.6333,39.3536
2024-07-09_04,3,4,B6,-76000,0,1.0024,0.4266,41.5563,0.5758,40.9805
2024-07-09_04,3,4,F6,0,0,1.0066,0.2769,41.3563,0.7297,40.6266
2024-07-09_04,3,4,J6,76000,0,1.0057,0.4328,41.754,0.5729,41.1811
2024-07-09_04,3,4,D4,-38000,38000,1.0061,0.3387,41.0263,0.6674,40.3589
2024-07-09_04,3,4,H4,38000,38000,1.0079,0.3437,41.2053,0.6642,40.5411
2024-07-09_04,3,4,F2,0,76000,1.0042,0.388,43.2069,0.6162,42.5907
2024-07-09_05,3,5,F10,0,-76000,1.0082,0.4547,40.446,0.5535,39.8925
2024-07-09_05,3,5,D8,-38000,-38000,1.0053,0.3747,39.7252,0.6306,39.0946
2024-07-09_05,3,5,H8,38000,-38000,1.0078,0.3769,39.9259,0.6309,39.295
2024-07-09_05,3,5,B6,-76000,0,1.0029,0.4306,41.4568,0.5723,40.8845
2024-07-09_05,3,5,F6,0,0,1.0074,0.2806,41.3119,0.7268,40.5851
2024-07-09_05,3,5,J6,76000,0,1.0064,0.4371,41.6815,0.5693,41.1122
2024-07-09_05,3,5,D4,-38000,38000,1.0051,0.3426,40.9795,0.6625,40.317
2024-07-09_05,3,5,H4,38000,38000,1.0078,0.3476,41.1667,0.6602,40.5065
2024-07-09_05,3,5,F2,0,76000,1.0043,0.3905,43.1434,0.6138,42.5296
2024-07-09_06,3,6,F10,0,-76000,1.007,0.4593,40.1961,0.5477,39.6484
2024-07-09_06,3,6,D8,-38000,-38000,1.0042,0.3805,39.4835,0.6237,38.8598
2024-07-09_06,3,6,H8,38000,-38000,1.0061,0.3828,39.661,0.6233,39.0377
2024-07-09_06,3,6,B6,-76000,0,1.0015,0.4349,41.2481,0.5666,40.6815
2024-07-09_06,3,6,F6,0,0,1.0063,0.2876,41.0625,0.7187,40.3438
2024-07-09_06,3,6,J6,76000,0,1.0053,0.4427,41.3766,0.5626,40.814
2024-07-09_06,3,6,D4,-38000,38000,1.0038,0.3489,40.7375,0.6549,40.0826
2024-07-09_06,3,6,H4,38000,38000,1.0076,0.3544,40.8905,0.6532,40.2373
2024-07-09_06,3,6,F2,0,76000,1.004,0.3968,42.8715,0.6072,42.2643
2024-07-09_07,3,7,F10,0,-76000,1.0067,0.4622,40.0627,0.5445,39.5182
2024-07-09_07,3,7,D8,-38000,-38000,1.0039,0.3838,39.3909,0.6201,38.7708
2024-07-09_07,3,7,H8,38000,-38000,1.0063,0.3866,39.5355,0.6197,38.9158
2024-07-09_07,3,7,B6,-76000,0,1.0017,0.4378,41.1622,0.5639,40.5983
2024-07-09_07,3,7,F6,0,0,1.0068,0.2913,40.9793,0.7155,40.2638
2024-07-09_07,3,7,J6,76000,0,1.0056,0.446,41.2303,0.5596,40.6707
2024-07-09_07,3,7,D4,-38000,38000,1.0041,0.3521,40.6687,0.652,40.0167
2024-07-09_07,3,7,H4,38000,38000,1.0071,0.3582,40.7853,0.6489,40.1364
2024-07-09_07,3,7,F2,0,76000,1.0042,0.3998,42.7691,0.6044,42.1647
2024-07-09_08,3,8,F10,0,-76000,1.0068,0.4631,39.9869,0.5437,39.4432
2024-07-09_08,3,8,D8,-38000,-38000,1.0038,0.3845,39.3534,0.6193,38.7341
2024-07-09_08,3,8,H8,38000,-38000,1.0061,0.3885,39.4502,0.6176,38.8326
2024-07-09_08,3,8,B6,-76000,0,1.0014,0.4386,41.1341,0.5628,40.5713
2024-07-09_08,3,8,F6,0,0,1.0067,0.2928,40.9731,0.7139,40.2592
2024-07-09_08,3,8,J6,76000,0,1.0052,0.4485,41.1056,0.5567,40.5489
2024-07-09_08,3,8,D4,-38000,38000,1.0025,0.3533,40.6297,0.6492,39.9805
2024-07-09_08,3,8,H4,38000,38000,1.0069,0.3605,40.6915,0.6464,40.0451
2024-07-09_08,3,8,F2,0,76000,1.004,0.4015,42.6936,0.6025,42.0911
2024-07-09_09,3,9,F10,0,-76000,1.0065,0.4626,39.9291,0.5439,39.3852
2024-07-09_09,3,9,D8,-38000,-38000,1.0035,0.3851,39.288,0.6184,38.6696
2024-07-09_09,3,9,H8,38000,-38000,1.0059,0.3893,39.3893,0.6166,38.7727
2024-07-09_09,3,9,B6,-76000,0,1.0008,0.4394,41.0538,0.5614,40.4924
2024-07-09_09,3,9,F6,0,0,1.0065,0.2937,40.8382,0.7128,40.1254
2024-07-09_09,3,9,J6,76000,0,1.0048,0.4481,41.0498,0.5567,40.4931
2024-07-09_09,3,9,D4,-38000,38000,1.0033,0.3544,40.5719,0.6489,39.923
2024-07-09_09,3,9,H4,38000,38000,1.009,0.3613,40.6398,0.6477,39.9921
2024-07-09_09,3,9,F2,0,76000,1.0034,0.4026,42.6468,0.6008,42.046
2024-07-09_10,3,10,F10,0,-76000,1.0066,0.4695,39.5063,0.5371,38.9692
2024-07-09_10,3,10,D8,-38000,-38000,1.0024,0.392,38.8977,0.6104,38.2873
2024-07-09_10,3,10,H8,38000,-38000,1.0056,0.3966,39.0006,0.609,38.3916
2024-07-09_10,3,10,B6,-76000,0,1.0004,0.4452,40.629,0.5552,40.0738
2024-07-09_10,3,10,F6,0,0,1.0064,0.302,40.4729,0.7044,39.7685
2024-07-09_10,3,10,J6,76000,0,1.0047,0.455,40.6264,0.5497,40.0767
2024-07-09_10,3,10,D4,-38000,38000,1.0036,0.3616,40.1494,0.642,39.5074
2024-07-09_10,3,10,H4,38000,38000,1.0098,0.3688,40.2226,0.641,39.5816
2024-07-09_10,3,10,F2,0,76000,1.0029,0.41,42.1952,0.5929,41.6023
2024-07-11_01,4,1,F10,0,-76000,1.0061,0.4451,40.8115,0.561,40.2505
2024-07-11_01,4,1,D8,-38000,-38000,1.0015,0.3617,40.0403,0.6398,39.4005
2024-07-11_01,4,1,H8,38000,-38000,1.0052,0.3677,40.1478,0.6375,39.5103
2024-07-11_01,4,1,B6,-76000,0,0.9996,0.4131,41.8683,0.5865,41.2818
2024-07-11_01,4,1,F6,0,0,1.0058,0.2641,41.5666,0.7417,40.8249
2024-07-11_01,4,1,J6,76000,0,1.0042,0.429,41.9167,0.5752,41.3415
2024-07-11_01,4,1,D4,-38000,38000,1.0028,0.3261,41.2473,0.6767,40.5706
2024-07-11_01,4,1,H4,38000,38000,1.0083,0.3362,41.3101,0.6721,40.638
2024-07-11_01,4,1,F2,0,76000,1.003,0.3787,43.3632,0.6243,42.7389
2024-07-11_02,4,2,F10,0,-76000,1.0058,0.4438,40.875,0.562,40.313
2024-07-11_02,4,2,D8,-38000,-38000,1.0023,0.3624,40.0818,0.6399,39.4419
2024-07-11_02,4,2,H8,38000,-38000,1.0049,0.3673,40.2024,0.6376,39.5648
2024-07-11_02,4,2,B6,-76000,0,0.9994,0.4136,41.9349,0.5858,41.3491
2024-07-11_02,4,2,F6,0,0,1.0058,0.2656,41.5904,0.7402,40.8502
2024-07-11_02,4,2,J6,76000,0,1.004,0.4265,41.9858,0.5775,41.4083
2024-07-11_02,4,2,D4,-38000,38000,1.0006,0.3266,41.3119,0.674,40.6379
2024-07-11_02,4,2,H4,38000,38000,1.0064,0.3356,41.3965,0.6708,40.7257
2024-07-11_02,4,2,F2,0,76000,1.0027,0.3771,43.4662,0.6256,42.8406
2024-07-11_03,4,3,F10,0,-76000,1.0053,0.446,40.8005,0.5593,40.2412
2024-07-11_03,4,3,D8,-38000,-38000,1.0015,0.3641,40.0839,0.6374,39.4465
2024-07-11_03,4,3,H8,38000,-38000,1.0046,0.3691,40.2241,0.6355,39.5886
2024-07-11_03,4,3,B6,-76000,0,0.9984,0.4159,41.9385,0.5825,41.356
2024-07-11_03,4,3,F6,0,0,1.0054,0.2679,41.5974,0.7375,40.8599
2024-07-11_03,4,3,J6,76000,0,1.0037,0.4289,42.0302,0.5748,41.4554
2024-07-11_03,4,3,D4,-38000,38000,1.0015,0.3293,41.3456,0.6722,40.6734
2024-07-11_03,4,3,H4,38000,38000,1.0058,0.338,41.4292,0.6678,40.7614
2024-07-11_03,4,3,F2,0,76000,1.0023,0.38,43.4208,0.6223,42.7985
2024-07-11_04,4,4,F10,0,-76000,1.005,0.4518,40.4717,0.5532,39.9185
2024-07-11_04,4,4,D8,-38000,-38000,1.0009,0.3721,39.7642,0.6288,39.1354
2024-07-11_04,4,4,H8,38000,-38000,1.0043,0.3765,39.8763,0.6278,39.2485
2024-07-11_04,4,4,B6,-76000,0,0.9983,0.423,41.573,0.5753,40.9977
2024-07-11_04,4,4,F6,0,0,1.0051,0.2765,41.3133,0.7286,40.5847
2024-07-11_04,4,4,J6,76000,0,1.0035,0.4356,41.6042,0.5679,41.0363
2024-07-11_04,4,4,D4,-38000,38000,1.0028,0.3372,41.032,0.6656,40.3664
2024-07-11_04,4,4,H4,38000,38000,1.0061,0.3465,41.0977,0.6596,40.4381
2024-07-11_04,4,4,F2,0,76000,1.0021,0.3879,43.1645,0.6142,42.5503
2024-07-11_05,4,5,F10,0,-76000,1.0048,0.4524,40.4324,0.5524,39.88
2024-07-11_05,4,5,D8,-38000,-38000,1.0018,0.3732,39.7701,0.6286,39.1415
2024-07-11_05,4,5,H8,38000,-38000,1.0041,0.3779,39.868,0.6262,39.2418
2024-07-11_05,4,5,B6,-76000,0,0.9977,0.4242,41.5821,0.5735,41.0086
2024-07-11_05,4,5,F6,0,0,1.0049,0.2775,41.2881,0.7274,40.5607
2024-07-11_05,4,5,J6,76000,0,1.0031,0.4375,41.5671,0.5656,41.0015
2024-07-11_05,4,5,D4,-38000,38000,1.0007,0.3394,41.0433,0.6613,40.382
2024-07-11_05,4,5,H4,38000,38000,1.008,0.3485,41.0994,0.6595,40.4399
2024-07-11_05,4,5,F2,0,76000,1.0018,0.3905,43.1457,0.6113,42.5344
2024-07-11_06,4,6,F10,0,-76000,1.0044,0.4587,40.1351,0.5457,39.5894
2024-07-11_06,4,6,D8,-38000,-38000,1.0016,0.3799,39.5306,0.6217,38.9089
2024-07-11_06,4,6,H8,38000,-38000,1.0042,0.3848,39.6165,0.6194,38.9971
2024-07-11_06,4,6,B6,-76000,0,0.9976,0.4308,41.3995,0.5668,40.8327
2024-07-11_06,4,6,F6,0,0,1.0046,0.2859,41.0606,0.7187,40.3419
2024-07-11_06,4,6,J6,76000,0,1.0028,0.4435,41.3309,0.5593,40.7716
2024-07-11_06,4,6,D4,-38000,38000,1.001,0.3464,40.8328,0.6546,40.1782
2024-07-11_06,4,6,H4,38000,38000,1.0059,0.3557,40.8613,0.6502,40.2111
2024-07-11_06,4,6,F2,0,76000,1.0014,0.3973,42.8475,0.6041,42.2434
2024-07-11_07,4,7,F10,0,-76000,1.0043,0.4622,39.72,0.5421,39.1779
2024-07-11_07,4,7,D8,-38000,-38000,1.0007,0.385,39.149,0.6157,38.5333
2024-07-11_07,4,7,H8,38000,-38000,1.0039,0.3898,39.2278,0.6141,38.6137
2024-07-11_07,4,7,B6,-76000,0,0.997,0.4347,40.974,0.5623,40.4117
2024-07-11_07,4,7,F6,0,0,1.0044,0.2919,40.6786,0.7125,39.9661
2024-07-11_07,4,7,J6,76000,0,1.0029,0.4482,40.9196,0.5547,40.3649
2024-07-11_07,4,7,D4,-38000,38000,1.0034,0.353,40.4355,0.6504,39.7851
2024-07-11_07,4,7,H4,38000,38000,1.0041,0.3621,40.4692,0.642,39.8272
2024-07-11_07,4,7,F2,0,76000,1.0014,0.4031,42.4257,0.5983,41.8274
2024-07-11_08,4,8,F10,0,-76000,1.0041,0.4643,39.6818,0.5398,39.142
2024-07-11_08,4,8,D8,-38000,-38000,1.0012,0.3875,39.0818,0.6137,38.4681
2024-07-11_08,4,8,H8,38000,-38000,1.0038,0.3924,39.1527,0.6114,38.5413
2024-07-11_08,4,8,B6,-76000,0,0.9971,0.4376,40.9149,0.5595,40.3554
2024-07-11_08,4,8,F6,0,0,1.0041,0.2942,40.6396,0.7099,39.9297
2024-07-11_08,4,8,J6,76000,0,1.0026,0.4499,40.8496,0.5527,40.2969
2024-07-11_08,4,8,D4,-38000,38000,1,0.3555,40.3936,0.6445,39.7491
2024-07-11_08,4,8,H4,38000,38000,1.0051,0.364,40.4174,0.6411,39.7763
2024-07-11_08,4,8,F2,0,76000,1.0011,0.4052,42.3656,0.5959,41.7697
2024-07-11_09,4,9,F10,0,-76000,1.0038,0.4674,39.4621,0.5364,38.9257
2024-07-11_09,4,9,D8,-38000,-38000,0.9997,0.3898,38.8758,0.6099,38.2659
2024-07-11_09,4,9,H8,38000,-38000,1.0033,0.3954,38.9415,0.6079,38.3336
2024-07-11_09,4,9,B6,-76000,0,0.9978,0.4401,40.6457,0.5577,40.088
2024-07-11_09,4,9,F6,0,0,1.0038,0.2978,40.4475,0.706,39.7415
2024-07-11_09,4,9,J6,76000,0,1.0022,0.4531,40.5586,0.5491,40.0095
2024-07-11_09,4,9,D4,-38000,38000,1.001,0.3589,40.158,0.6421,39.5159
2024-07-11_09,4,9,H4,38000,38000,1.0043,0.3682,40.169,0.6361,39.5329
2024-07-11_09,4,9,F2,0,76000,1.0007,0.4088,42.1685,0.5919,41.5766
2024-07-11_10,4,10,F10,0,-76000,1.0037,0.4621,39.8859,0.5416,39.3443
2024-07-11_10,4,10,D8,-38000,-38000,1.0001,0.3834,39.3659,0.6167,38.7492
2024-07-11_10,4,10,H8,38000,-38000,1.0032,0.3889,39.446,0.6143,38.8317
2024-07-11_10,4,10,B6,-76000,0,0.9969,0.4356,41.1589,0.5613,40.5976
2024-07-11_10,4,10,F6,0,0,1.0033,0.2895,40.9507,0.7138,40.2369
2024-07-11_10,4,10,J6,76000,0,1.0018,0.4485,41.1245,0.5533,40.5712
2024-07-11_10,4,10,D4,-38000,38000,0.9995,0.3526,40.6721,0.6469,40.0252
2024-07-11_10,4,10,H4,38000,38000,1.003,0.3613,40.7074,0.6417,40.0657
2024-07-11_10,4,10,F2,0,76000,1.0006,0.4035,42.6381,0.5971,42.041
2024-07-19_01,5,1,F10,0,-76000,1.0036,0.4447,40.8162,0.5589,40.2573
2024-07-19_01,5,1,D8,-38000,-38000,1.0002,0.3613,40.0244,0.6389,39.3855
2024-07-19_01,5,1,H8,38000,-38000,1.0032,0.3674,40.1698,0.6358,39.534
2024-07-19_01,5,1,B6,-76000,0,0.9968,0.413,41.7778,0.5838,41.194
2024-07-19_01,5,1,F6,0,0,1.0033,0.263,41.5635,0.7403,40.8232
2024-07-19_01,5,1,J6,76000,0,1.0019,0.4288,41.8812,0.5731,41.3081
2024-07-19_01,5,1,D4,-38000,38000,0.9992,0.3263,41.2093,0.6729,40.5364
2024-07-19_01,5,1,H4,38000,38000,1.003,0.3361,41.312,0.6669,40.6451
2024-07-19_01,5,1,F2,0,76000,1.0003,0.3781,43.2933,0.6222,42.6711
2024-07-19_02,5,2,F10,0,-76000,1.0034,0.4506,40.2728,0.5528,39.72
2024-07-19_02,5,2,D8,-38000,-38000,1.0003,0.371,39.5007,0.6293,38.8714
2024-07-19_02,5,2,H8,38000,-38000,1.0032,0.3746,39.6677,0.6286,39.0391
2024-07-19_02,5,2,B6,-76000,0,0.9963,0.4223,41.2558,0.574,40.6818
2024-07-19_02,5,2,F6,0,0,1.003,0.2746,41.0446,0.7284,40.3162
2024-07-19_02,5,2,J6,76000,0,1.0017,0.4333,41.3876,0.5684,40.8192
2024-07-19_02,5,2,D4,-38000,38000,1.0016,0.3367,40.7014,0.6649,40.0365
2024-07-19_02,5,2,H4,38000,38000,1.0024,0.3438,40.8328,0.6586,40.1742
2024-07-19_02,5,2,F2,0,76000,0.9999,0.3865,42.8036,0.6134,42.1902
2024-07-19_03,5,3,F10,0,-76000,1.0034,0.4512,40.3624,0.5522,39.8102
2024-07-19_03,5,3,D8,-38000,-38000,1.0005,0.3711,39.6707,0.6294,39.0413
2024-07-19_03,5,3,H8,38000,-38000,1.0031,0.3747,39.8233,0.6284,39.1949
2024-07-19_03,5,3,B6,-76000,0,0.9965,0.4234,41.4304,0.5731,40.8573
2024-07-19_03,5,3,F6,0,0,1.0028,0.2737,41.2687,0.7291,40.5396
2024-07-19_03,5,3,J6,76000,0,1.0018,0.4341,41.5271,0.5677,40.9594
2024-07-19_03,5,3,D4,-38000,38000,0.9998,0.3365,40.9234,0.6633,40.2601
2024-07-19_03,5,3,H4,38000,38000,1.0041,0.3445,41.043,0.6596,40.3834
2024-07-19_03,5,3,F2,0,76000,0.9999,0.3884,43.0227,0.6115,42.4112
2024-07-19_04,5,4,F10,0,-76000,1.0033,0.4579,39.8876,0.5454,39.3422
2024-07-19_04,5,4,D8,-38000,-38000,1.0001,0.3785,39.2398,0.6216,38.6182
2024-07-19_04,5,4,H8,38000,-38000,1.003,0.3824,39.3977,0.6206,38.7771
2024-07-19_04,5,4,B6,-76000,0,0.9967,0.4313,40.9595,0.5654,40.3941
2024-07-19_04,5,4,F6,0,0,1.0024,0.2826,40.844,0.7198,40.1242
2024-07-19_04,5,4,J6,76000,0,1.0017,0.4416,41.0491,0.5601,40.489
2024-07-19_04,5,4,D4,-38000,38000,1.0001,0.3457,40.4942,0.6544,39.8398
2024-07-19_04,5,4,H4,38000,38000,1.0026,0.3527,40.6056,0.6499,39.9557
2024-07-19_04,5,4,F2,0,76000,0.9996,0.3965,42.5461,0.6031,41.943
2024-07-19_05,5,5,F10,0,-76000,1.0031,0.4583,40.0592,0.5448,39.5144
2024-07-19_05,5,5,D8,-38000,-38000,1.0006,0.3789,39.4379,0.6217,38.8162
2024-07-19_05,5,5,H8,38000,-38000,1.003,0.383,39.5579,0.62,38.9379
2024-07-19_05,5,5,B6,-76000,0,0.9965,0.4317,41.1806,0.5648,40.6158
2024-07-19_05,5,5,F6,0,0,1.0019,0.2829,41.0545,0.719,40.3355
2024-07-19_05,5,5,J6,76000,0,1.0014,0.4428,41.2265,0.5586,40.6679
2024-07-19_05,5,5,D4,-38000,38000,0.9999,0.3466,40.7135,0.6533,40.0602
2024-07-19_05,5,5,H4,38000,38000,1.0032,0.354,40.803,0.6492,40.1538
2024-07-19_05,5,5,F2,0,76000,0.9993,0.3974,42.7785,0.6019,42.1766
2024-07-19_06,5,6,F10,0,-76000,1.0029,0.4606,39.9038,0.5423,39.3615
2024-07-19_06,5,6,D8,-38000,-38000,1.0001,0.3813,39.3158,0.6188,38.697
2024-07-19_06,5,6,H8,38000,-38000,1.0028,0.3859,39.4163,0.6169,38.7994
2024-07-19_06,5,6,B6,-76000,0,0.9966,0.4346,41.0574,0.562,40.4954
2024-07-19_06,5,6,F6,0,0,1.0015,0.286,40.9332,0.7155,40.2177
2024-07-19_06,5,6,J6,76000,0,1.0017,0.4461,41.0548,0.5556,40.4992
2024-07-19_06,5,6,D4,-38000,38000,1.0023,0.3493,40.6013,0.653,39.9483
2024-07-19_06,5,6,H4,38000,38000,1.0024,0.3578,40.663,0.6446,40.0184
2024-07-19_06,5,6,F2,0,76000,0.9995,0.4005,42.6479,0.599,42.0489
2024-07-19_07,5,7,F10,0,-76000,1.0025,0.4617,39.7967,0.5408,39.2559
2024-07-19_07,5,7,D8,-38000,-38000,1.0001,0.3831,39.2214,0.617,38.6044
2024-07-19_07,5,7,H8,38000,-38000,1.0025,0.3878,39.3056,0.6147,38.6909
2024-07-19_07,5,7,B6,-76000,0,0.9973,0.437,40.972,0.5603,40.4117
2024-07-19_07,5,7,F6,0,0,1.0008,0.2881,40.7554,0.7127,40.0427
2024-07-19_07,5,7,J6,76000,0,1.0014,0.4479,40.8915,0.5535,40.338
2024-07-19_07,5,7,D4,-38000,38000,1.0016,0.3518,40.5262,0.6498,39.8764
2024-07-19_07,5,7,H4,38000,38000,1.003,0.3608,40.5622,0.6422,39.92
2024-07-19_07,5,7,F2,0,76000,0.9994,0.4031,42.5269,0.5963,41.9306
2024-07-19_08,5,8,F10,0,-76000,1.0088,0.4682,39.7455,0.5406,39.2049
2024-07-19_08,5,8,D8,-38000,-38000,1.0054,0.3893,39.1798,0.6161,38.5637
2024-07-19_08,5,8,H8,38000,-38000,1.0241,0.4116,39.2485,0.6125,38.636
2024-07-19_08,5,8,B6,-76000,0,1.0024,0.4425,40.9148,0.5599,40.3549
2024-07-19_08,5,8,F6,0,0,1.0043,0.2939,40.7813,0.7104,40.0709
2024-07-19_08,5,8,J6,76000,0,1.0057,0.4532,40.8462,0.5525,40.2937
2024-07-19_08,5,8,D4,-38000,38000,1.0032,0.3585,40.4624,0.6447,39.8177
2024-07-19_08,5,8,H4,38000,38000,1.0068,0.3662,40.4934,0.6406,39.8528
2024-07-19_08,5,8,F2,0,76000,1.0019,0.4074,42.484,0.5945,41.8895
2024-07-19_09,5,9,F10,0,-76000,1.0098,0.4692,39.771,0.5406,39.2304
2024-07-19_09,5,9,D8,-38000,-38000,1.007,0.3908,39.2376,0.6162,38.6214
2024-07-19_09,5,9,H8,38000,-38000,1.0069,0.3959,39.2914,0.611,38.6804
2024-07-19_09,5,9,B6,-76000,0,1.0035,0.4438,40.976,0.5597,40.4163
2024-07-19_09,5,9,F6,0,0,1.0075,0.2959,40.8726,0.7116,40.161
2024-07-19_09,5,9,J6,76000,0,1.0059,0.454,40.8951,0.5519,40.3432
2024-07-19_09,5,9,D4,-38000,38000,1.003,0.3603,40.544,0.6427,39.9013
2024-07-19_09,5,9,H4,38000,38000,1.0078,0.3686,40.5686,0.6392,39.9294
2024-07-19_09,5,9,F2,0,76000,1.0051,0.4105,42.5419,0.5946,41.9473
2024-07-19_10,5,10,F10,0,-76000,1.0113,0.4737,39.5507,0.5376,39.0131
2024-07-19_10,5,10,D8,-38000,-38000,1.0086,0.3955,39.0285,0.6131,38.4154
2024-07-19_10,5,10,H8,38000,-38000,1.0078,0.3994,39.0957,0.6084,38.4873
2024-07-19_10,5,10,B6,-76000,0,1.0028,0.4471,40.7628,0.5557,40.2071
2024-07-19_10,5,10,F6,0,0,1.0087,0.3006,40.674,0.7081,39.9659
2024-07-19_10,5,10,J6,76000,0,1.0064,0.4581,40.6792,0.5483,40.1309
2024-07-19_10,5,10,D4,-38000,38000,1.0024,0.3647,40.3358,0.6377,39.6981
2024-07-19_10,5,10,H4,38000,38000,1.0077,0.3725,40.3517,0.6352,39.7165
2024-07-19_10,5,10,F2,0,76000,1.0051,0.4142,42.3233,0.5909,41.7324
2024-08-01_01,6,1,F10,0,-76000,1.012,0.4516,40.3613,0.5604,39.8009
2024-08-01_01,6,1,D8,-38000,-38000,1.0086,0.3683,39.6342,0.6403,38.9939
2024-08-01_01,6,1,H8,38000,-38000,1.0069,0.3725,39.74,0.6344,39.1056
2024-08-01_01,6,1,B6,-76000,0,1.002,0.4172,41.4106,0.5848,40.8258
2024-08-01_01,6,1,F6,0,0,1.0074,0.2719,41.1559,0.7355,40.4204
2024-08-01_01,6,1,J6,76000,0,1.0052,0.4324,41.4531,0.5728,40.8803
2024-08-01_01,6,1,D4,-38000,38000,1.0037,0.332,40.8458,0.6717,40.1741
2024-08-01_01,6,1,H4,38000,38000,1.0102,0.3416,40.9045,0.6686,40.2359
2024-08-01_01,6,1,F2,0,76000,1.0047,0.3814,42.9474,0.6233,42.3241
2024-08-01_02,6,2,F10,0,-76000,1.0118,0.4488,40.7969,0.563,40.2339
2024-08-01_02,6,2,D8,-38000,-38000,1.0095,0.3649,40.0017,0.6446,39.3571
2024-08-01_02,6,2,H8,38000,-38000,1.0067,0.3685,40.111,0.6382,39.4728
2024-08-01_02,6,2,B6,-76000,0,1.0015,0.4171,41.8447,0.5844,41.2603
2024-08-01_02,6,2,F6,0,0,1.0073,0.2688,41.3878,0.7385,40.6493
2024-08-01_02,6,2,J6,76000,0,1.0051,0.4263,41.869,0.5788,41.2902
2024-08-01_02,6,2,D4,-38000,38000,1.0022,0.3294,41.226,0.6728,40.5532
2024-08-01_02,6,2,H4,38000,38000,1.0058,0.337,41.2948,0.6688,40.626
2024-08-01_02,6,2,F2,0,76000,1.0046,0.378,43.3327,0.6266,42.7061
2024-08-01_03,6,3,F10,0,-76000,1.0099,0.4488,40.6417,0.5611,40.0806
2024-08-01_03,6,3,D8,-38000,-38000,1.0063,0.3676,39.8902,0.6387,39.2515
2024-08-01_03,6,3,H8,38000,-38000,1.006,0.3716,40.009,0.6344,39.3746
2024-08-01_03,6,3,B6,-76000,0,1.001,0.4186,41.7181,0.5824,41.1357
2024-08-01_03,6,3,F6,0,0,1.0069,0.2732,41.4198,0.7337,40.6861
2024-08-01_03,6,3,J6,76000,0,1.0047,0.4299,41.7658,0.5748,41.191
2024-08-01_03,6,3,D4,-38000,38000,1.0006,0.3333,41.1377,0.6673,40.4704
2024-08-01_03,6,3,H4,38000,38000,1.0048,0.3415,41.2115,0.6633,40.5482
2024-08-01_03,6,3,F2,0,76000,1.0038,0.3817,43.2731,0.6221,42.651
2024-08-01_04,6,4,F10,0,-76000,1.0113,0.4552,40.4325,0.5561,39.8764
2024-08-01_04,6,4,D8,-38000,-38000,1.0055,0.3733,39.7115,0.6322,39.0793
2024-08-01_04,6,4,H8,38000,-38000,1.0068,0.377,39.8533,0.6298,39.2235
2024-08-01_04,6,4,B6,-76000,0,1.0003,0.4239,41.4966,0.5764,40.9202
2024-08-01_04,6,4,F6,0,0,1.0071,0.279,41.2781,0.7281,40.55
2024-08-01_04,6,4,J6,76000,0,1.0047,0.4347,41.6075,0.57,41.0375
2024-08-01_04,6,4,D4,-38000,38000,1.0018,0.3392,40.9679,0.6626,40.3053
2024-08-01_04,6,4,H4,38000,38000,1.0056,0.3463,41.0849,0.6593,40.4256
2024-08-01_04,6,4,F2,0,76000,1.0037,0.3871,43.1087,0.6166,42.4921
2024-08-01_05,6,5,F10,0,-76000,1.0111,0.4599,40.2416,0.5512,39.6904
2024-08-01_05,6,5,D8,-38000,-38000,1.0039,0.3788,39.5425,0.6251,38.9174
2024-08-01_05,6,5,H8,38000,-38000,1.0067,0.3819,39.682,0.6248,39.0572
2024-08-01_05,6,5,B6,-76000,0,1.0005,0.4289,41.3305,0.5716,40.7589
2024-08-01_05,6,5,F6,0,0,1.0072,0.2846,41.1191,0.7226,40.3965
2024-08-01_05,6,5,J6,76000,0,1.0053,0.4392,41.4015,0.5661,40.8354
2024-08-01_05,6,5,D4,-38000,38000,1.0022,0.3447,40.8101,0.6575,40.1526
2024-08-01_05,6,5,H4,38000,38000,1.0073,0.3582,40.9265,0.6491,40.2774
2024-08-01_05,6,5,F2,0,76000,1.0041,0.3926,42.9264,0.6115,42.3149
2024-08-01_06,6,6,F10,0,-76000,1.0071,0.462,39.7667,0.5451,39.2216
2024-08-01_06,6,6,D8,-38000,-38000,1.0017,0.3827,39.1446,0.619,38.5256
2024-08-01_06,6,6,H8,38000,-38000,1.0057,0.3878,39.2538,0.6179,38.6359
2024-08-01_06,6,6,B6,-76000,0,0.9997,0.4336,40.8873,0.5661,40.3212
2024-08-01_06,6,6,F6,0,0,1.006,0.2907,40.7204,0.7153,40.0051
2024-08-01_06,6,6,J6,76000,0,1.0043,0.4447,40.9512,0.5596,40.3916
2024-08-01_06,6,6,D4,-38000,38000,1.0014,0.3506,40.4242,0.6508,39.7734
2024-08-01_06,6,6,H4,38000,38000,1.0055,0.3587,40.509,0.6468,39.8622
2024-08-01_06,6,6,F2,0,76000,1.0029,0.3984,42.499,0.6045,41.8945
2024-08-01_07,6,7,F10,0,-76000,1.0082,0.4657,39.6636,0.5425,39.1211
2024-08-01_07,6,7,D8,-38000,-38000,1.0025,0.3867,39.055,0.6158,38.4392
2024-08-01_07,6,7,H8,38000,-38000,1.0061,0.3917,39.1893,0.6144,38.5749
2024-08-01_07,6,7,B6,-76000,0,0.9988,0.4372,40.811,0.5616,40.2494
2024-08-01_07,6,7,F6,0,0,1.0062,0.295,40.6264,0.7112,39.9152
2024-08-01_07,6,7,J6,76000,0,1.0043,0.4483,40.8062,0.556,40.2502
2024-08-01_07,6,7,D4,-38000,38000,1.0001,0.3552,40.328,0.6449,39.6831
2024-08-01_07,6,7,H4,38000,38000,1.0052,0.363,40.3977,0.6422,39.7555
2024-08-01_07,6,7,F2,0,76000,1.003,0.4024,42.3927,0.6006,41.7921
2024-08-01_08,6,8,F10,0,-76000,1.0088,0.4649,39.8454,0.5439,39.3015
2024-08-01_08,6,8,D8,-38000,-38000,1.0029,0.3851,39.2504,0.6178,38.6326
2024-08-01_08,6,8,H8,38000,-38000,1.005,0.3903,39.3236,0.6147,38.7089
2024-08-01_08,6,8,B6,-76000,0,0.9987,0.4351,41.022,0.5636,40.4584
2024-08-01_08,6,8,F6,0,0,1.006,0.293,40.8354,0.713,40.1224
2024-08-01_08,6,8,J6,76000,0,1.0033,0.4476,40.9614,0.5557,40.4057
2024-08-01_08,6,8,D4,-38000,38000,0.9993,0.3536,40.5382,0.6457,39.8925
2024-08-01_08,6,8,H4,38000,38000,1.0065,0.3619,40.5795,0.6446,39.9349
2024-08-01_08,6,8,F2,0,76000,1.003,0.4025,42.5733,0.6005,41.9728
2024-08-01_09,6,9,F10,0,-76000,1.0081,0.4668,39.7934,0.5413,39.2521
2024-08-01_09,6,9,D8,-38000,-38000,1.001,0.3875,39.2063,0.6135,38.5928
2024-08-01_09,6,9,H8,38000,-38000,1.0054,0.393,39.2665,0.6124,38.6541
2024-08-01_09,6,9,B6,-76000,0,0.9979,0.4376,40.8702,0.5603,40.3099
2024-08-01_09,6,9,F6,0,0,1.0057,0.2953,40.6534,0.7104,39.943
2024-08-01_09,6,9,J6,76000,0,1.0034,0.4506,40.8745,0.5528,40.3217
2024-08-01_09,6,9,D4,-38000,38000,1.0002,0.3561,40.5027,0.6441,39.8586
2024-08-01_09,6,9,H4,38000,38000,1.0051,0.365,40.5165,0.6401,39.8764
2024-08-01_09,6,9,F2,0,76000,1.0023,0.4049,42.3797,0.5974,41.7823
2024-08-01_10,6,10,F10,0,-76000,1.0078,0.4655,39.6879,0.5423,39.1456
2024-08-01_10,6,10,D8,-38000,-38000,1.0023,0.3855,39.1195,0.6168,38.5027
2024-08-01_10,6,10,H8,38000,-38000,1.0055,0.3914,39.2153,0.6141,38.6012
2024-08-01_10,6,10,B6,-76000,0,0.9977,0.4369,40.8515,0.5608,40.2907
2024-08-01_10,6,10,F6,0,0,1.0052,0.2941,40.7376,0.7111,40.0265
2024-08-01_10,6,10,J6,76000,0,1.0029,0.4487,40.8219,0.5542,40.2677
2024-08-01_10,6,10,D4,-38000,38000,0.9989,0.3556,40.3897,0.6433,39.7464
2024-08-01_10,6,10,H4,38000,38000,1.004,0.363,40.4642,0.641,39.8232
2024-08-01_10,6,10,F2,0,76000,1.0022,0.4042,42.4246,0.598,41.8266
2024-08-05_01,7,1,F10,0,-76000,1.0074,0.4516,40.2829,0.5558,39.7271
2024-08-05_01,7,1,D8,-38000,-38000,1.0026,0.3667,39.6061,0.6359,38.9702
2024-08-05_01,7,1,H8,38000,-38000,1.0051,0.3739,39.729,0.6312,39.0978
2024-08-05_01,7,1,B6,-76000,0,0.9982,0.4186,41.3821,0.5796,40.8025
2024-08-05_01,7,1,F6,0,0,1.0055,0.2718,41.2226,0.7337,40.4889
2024-08-05_01,7,1,J6,76000,0,1.0033,0.4324,41.4251,0.5709,40.8542
2024-08-05_01,7,1,D4,-38000,38000,1.0005,0.3332,40.8348,0.6673,40.1675
2024-08-05_01,7,1,H4,38000,38000,1.0048,0.3423,40.9229,0.6625,40.2604
2024-08-05_01,7,1,F2,0,76000,1.0021,0.3831,42.9404,0.619,42.3214
2024-08-05_02,7,2,F10,0,-76000,1.0084,0.4483,40.6565,0.5601,40.0964
2024-08-05_02,7,2,D8,-38000,-38000,1.0058,0.3656,39.8764,0.6402,39.2362
2024-08-05_02,7,2,H8,38000,-38000,1.0052,0.3705,40.0116,0.6347,39.3769
2024-08-05_02,7,2,B6,-76000,0,0.9978,0.4144,41.6778,0.5834,41.0944
2024-08-05_02,7,2,F6,0,0,1.0057,0.2701,41.4225,0.7356,40.6869
2024-08-05_02,7,2,J6,76000,0,1.0035,0.428,41.7879,0.5755,41.2124
2024-08-05_02,7,2,D4,-38000,38000,0.9998,0.3295,41.1147,0.6703,40.4444
2024-08-05_02,7,2,H4,38000,38000,1.0049,0.3372,41.2243,0.6677,40.5566
2024-08-05_02,7,2,F2,0,76000,1.0019,0.378,43.2644,0.6239,42.6405
2024-08-05_03,7,3,F10,0,-76000,1.0089,0.4537,40.2911,0.5552,39.7359
2024-08-05_03,7,3,D8,-38000,-38000,1.006,0.3724,39.5518,0.6336,38.9182
2024-08-05_03,7,3,H8,38000,-38000,1.0049,0.3763,39.6999,0.6286,39.0713
2024-08-05_03,7,3,B6,-76000,0,0.9977,0.4208,41.323,0.5769,40.7461
2024-08-05_03,7,3,F6,0,0,1.005,0.2774,41.0921,0.7276,40.3645
2024-08-05_03,7,3,J6,76000,0,1.0024,0.4327,41.4208,0.5697,40.8511
2024-08-05_03,7,3,D4,-38000,38000,0.9988,0.3368,40.7736,0.662,40.1116
2024-08-05_03,7,3,H4,38000,38000,1.0043,0.3445,40.8963,0.6598,40.2365
2024-08-05_03,7,3,F2,0,76000,1.0014,0.385,42.8809,0.6164,42.2645
2024-08-05_04,7,4,F10,0,-76000,1.0092,0.4568,40.2872,0.5524,39.7348
2024-08-05_04,7,4,D8,-38000,-38000,1.0022,0.3752,39.5993,0.627,38.9723
2024-08-05_04,7,4,H8,38000,-38000,1.0041,0.3782,39.7385,0.6259,39.1126
2024-08-05_04,7,4,B6,-76000,0,0.9967,0.4242,41.2952,0.5725,40.7227
2024-08-05_04,7,4,F6,0,0,1.0048,0.2796,41.1733,0.7252,40.4481
2024-08-05_04,7,4,J6,76000,0,1.0022,0.4347,41.4459,0.5675,40.8784
2024-08-05_04,7,4,D4,-38000,38000,0.9983,0.3395,40.8592,0.6588,40.2004
2024-08-05_04,7,4,H4,38000,38000,1.003,0.3471,40.9739,0.6559,40.318
2024-08-05_04,7,4,F2,0,76000,1.0013,0.3881,42.9726,0.6132,42.3594
2024-08-05_05,7,5,F10,0,-76000,1.0089,0.4612,40.0789,0.5477,39.5312
2024-08-05_05,7,5,D8,-38000,-38000,1.001,0.3792,39.4233,0.6218,38.8015
2024-08-05_05,7,5,H8,38000,-38000,1.0039,0.3834,39.5793,0.6205,38.9588
2024-08-05_05,7,5,B6,-76000,0,0.9968,0.4293,41.1813,0.5675,40.6138
2024-08-05_05,7,5,F6,0,0,1.0045,0.2847,40.9295,0.7198,40.2097
2024-08-05_05,7,5,J6,76000,0,1.0024,0.4409,41.2643,0.5615,40.7028
2024-08-05_05,7,5,D4,-38000,38000,0.9974,0.3454,40.6833,0.652,40.0313
2024-08-05_05,7,5,H4,38000,38000,1.0032,0.3531,40.8085,0.6501,40.1584
2024-08-05_05,7,5,F2,0,76000,1.0012,0.3936,42.8223,0.6076,42.2147
2024-08-21_01,9,1,F10,0,-76000,1.0044,0.4428,40.8497,0.5616,40.2881
2024-08-21_01,9,1,D8,-38000,-38000,1.0052,0.3614,40.0119,0.6438,39.3681
2024-08-21_01,9,1,H8,38000,-38000,1.0027,0.3668,40.1596,0.6359,39.5237
2024-08-21_01,9,1,B6,-76000,0,0.9982,0.412,41.8262,0.5862,41.24
2024-08-21_01,9,1,F6,0,0,1.0029,0.2638,41.4156,0.7391,40.6765
2024-08-21_01,9,1,J6,76000,0,1.0012,0.4257,41.9949,0.5755,41.4194
2024-08-21_01,9,1,D4,-38000,38000,0.9969,0.3242,41.2268,0.6727,40.5541
2024-08-21_01,9,1,H4,38000,38000,1.004,0.3337,41.332,0.6703,40.6617
2024-08-21_01,9,1,F2,0,76000,1.0001,0.3743,43.4125,0.6258,42.7867
2024-08-21_02,9,2,F10,0,-76000,1.0055,0.4405,40.9278,0.565,40.3628
2024-08-21_02,9,2,D8,-38000,-38000,1.0044,0.3603,40.0709,0.6441,39.4268
2024-08-21_02,9,2,H8,38000,-38000,1.0024,0.3636,40.2452,0.6388,39.6064
2024-08-21_02,9,2,B6,-76000,0,0.9977,0.4113,41.8995,0.5864,41.3131
2024-08-21_02,9,2,F6,0,0,1.0026,0.2638,41.5809,0.7388,40.8421
2024-08-21_02,9,2,J6,76000,0,1.0008,0.421,42.0782,0.5798,41.4984
2024-08-21_02,9,2,D4,-38000,38000,0.9968,0.3244,41.2765,0.6724,40.6041
2024-08-21_02,9,2,H4,38000,38000,1.0054,0.3316,41.4361,0.6738,40.7623
2024-08-21_02,9,2,F2,0,76000,0.9996,0.3722,43.492,0.6274,42.8646
2024-08-21_03,9,3,F10,0,-76000,1.0054,0.4441,40.7345,0.5613,40.1732
2024-08-21_03,9,3,D8,-38000,-38000,1.0014,0.3652,39.9006,0.6362,39.2644
2024-08-21_03,9,3,H8,38000,-38000,1.002,0.3683,40.106,0.6337,39.4723
2024-08-21_03,9,3,B6,-76000,0,0.9968,0.4172,41.6803,0.5796,41.1007
2024-08-21_03,9,3,F6,0,0,1.0025,0.2691,41.4615,0.7334,40.7281
2024-08-21_03,9,3,J6,76000,0,1.0007,0.4257,41.9251,0.575,41.3501
2024-08-21_03,9,3,D4,-38000,38000,0.9971,0.3299,41.1334,0.6672,40.4662
2024-08-21_03,9,3,H4,38000,38000,1.0037,0.336,41.3231,0.6677,40.6554
2024-08-21_03,9,3,F2,0,76000,0.9991,0.377,43.3421,0.6221,42.72
2024-08-21_04,9,4,F10,0,-76000,1.0046,0.4482,40.5234,0.5564,39.967
2024-08-21_04,9,4,D8,-38000,-38000,1.0035,0.3698,39.7307,0.6337,39.097
2024-08-21_04,9,4,H8,38000,-38000,1.0018,0.3737,39.9242,0.6281,39.2961
2024-08-21_04,9,4,B6,-76000,0,0.9964,0.422,41.4755,0.5744,40.9011
2024-08-21_04,9,4,F6,0,0,1.0022,0.2746,41.3055,0.7276,40.5779
2024-08-21_04,9,4,J6,76000,0,1.0004,0.4312,41.6966,0.5692,41.1274
2024-08-21_04,9,4,D4,-38000,38000,0.997,0.3356,40.9653,0.6614,40.3039
2024-08-21_04,9,4,H4,38000,38000,1.0022,0.3429,41.1491,0.6593,40.4898
2024-08-21_04,9,4,F2,0,76000,0.9993,0.383,43.1651,0.6163,42.5488
2024-08-21_05,9,5,F10,0,-76000,1.0034,0.4521,40.3072,0.5513,39.7559
2024-08-21_05,9,5,D8,-38000,-38000,1.0013,0.3751,39.5664,0.6262,38.9402
2024-08-21_05,9,5,H8,38000,-38000,1.0015,0.3786,39.7478,0.6229,39.1249
2024-08-21_05,9,5,B6,-76000,0,0.9985,0.4277,41.3037,0.5708,40.7329
2024-08-21_05,9,5,F6,0,0,1.0018,0.2801,41.1725,0.7217,40.4508
2024-08-21_05,9,5,J6,76000,0,1.0002,0.4361,41.5136,0.5641,40.9495
2024-08-21_05,9,5,D4,-38000,38000,0.9963,0.3415,40.8324,0.6548,40.1776
2024-08-21_05,9,5,H4,38000,38000,1.0027,0.348,41.0019,0.6547,40.3472
2024-08-21_05,9,5,F2,0,76000,0.9992,0.3893,42.9996,0.6099,42.3897
2024-08-21_06,9,6,F10,0,-76000,1.0037,0.4576,39.9215,0.5461,39.3754
2024-08-21_06,9,6,D8,-38000,-38000,1.0007,0.3807,39.2126,0.62,38.5926
2024-08-21_06,9,6,H8,38000,-38000,1.0013,0.3847,39.3715,0.6166,38.7549
2024-08-21_06,9,6,B6,-76000,0,0.9981,0.4327,40.921,0.5654,40.3556
2024-08-21_06,9,6,F6,0,0,1.0018,0.2877,40.7821,0.7141,40.068
2024-08-21_06,9,6,J6,76000,0,1.0001,0.442,41.0829,0.5581,40.5248
2024-08-21_06,9,6,D4,-38000,38000,0.9955,0.3486,40.4568,0.6469,39.8099
2024-08-21_06,9,6,H4,38000,38000,1.0017,0.3554,40.5981,0.6463,39.9518
2024-08-21_06,9,6,F2,0,76000,0.9989,0.3956,42.5737,0.6033,41.9704
2024-08-21_07,9,7,F10,0,-76000,1.0056,0.4573,40.0472,0.5483,39.4989
2024-08-21_07,9,7,D8,-38000,-38000,0.9996,0.3806,39.3642,0.619,38.7452
2024-08-21_07,9,7,H8,38000,-38000,1.001,0.3844,39.5126,0.6166,38.896
2024-08-21_07,9,7,B6,-76000,0,0.9957,0.4322,41.1073,0.5635,40.5438
2024-08-21_07,9,7,F6,0,0,1.0013,0.2866,40.8477,0.7147,40.133
2024-08-21_07,9,7,J6,76000,0,0.9996,0.442,41.2392,0.5576,40.6816
2024-08-21_07,9,7,D4,-38000,38000,0.9966,0.348,40.6514,0.6486,40.0028
2024-08-21_07,9,7,H4,38000,38000,1.0016,0.3556,40.7891,0.646,40.1431
2024-08-21_07,9,7,F2,0,76000,0.9986,0.3962,42.7894,0.6024,42.187
2024-08-21_08,9,8,F10,0,-76000,1.0051,0.46,39.9627,0.5451,39.4176
2024-08-21_08,9,8,D8,-38000,-38000,0.9993,0.3827,39.3157,0.6166,38.6991
2024-08-21_08,9,8,H8,38000,-38000,1.0008,0.3867,39.416,0.6141,38.8019
2024-08-21_08,9,8,B6,-76000,0,0.9947,0.4338,41.0595,0.5609,40.4986
2024-08-21_08,9,8,F6,0,0,1.0011,0.2894,40.8944,0.7117,40.1827
2024-08-21_08,9,8,J6,76000,0,0.9993,0.4447,41.1034,0.5546,40.5488
2024-08-21_08,9,8,D4,-38000,38000,0.9949,0.3503,40.5999,0.6446,39.9553
2024-08-21_08,9,8,H4,38000,38000,1.0017,0.3589,40.6644,0.6428,40.0216
2024-08-21_08,9,8,F2,0,76000,0.9983,0.399,42.681,0.5993,42.0817
2024-08-21_09,9,9,F10,0,-76000,1.0037,0.4594,40.0354,0.5443,39.4911
2024-08-21_09,9,9,D8,-38000,-38000,0.999,0.3808,39.4029,0.6182,38.7847
2024-08-21_09,9,9,H8,38000,-38000,1.0006,0.3861,39.5136,0.6145,38.8991
2024-08-21_09,9,9,B6,-76000,0,0.9944,0.4326,41.1175,0.5618,40.5557
2024-08-21_09,9,9,F6,0,0,1.001,0.2874,41.0087,0.7136,40.2951
2024-08-21_09,9,9,J6,76000,0,0.9991,0.4442,41.1801,0.5549,40.6252
2024-08-21_09,9,9,D4,-38000,38000,0.9986,0.3491,40.6911,0.6495,40.0416
2024-08-21_09,9,9,H4,38000,38000,1.0012,0.3576,40.7673,0.6436,40.1237
2024-08-21_09,9,9,F2,0,76000,0.9982,0.3983,42.7673,0.5999,42.1674
2024-08-21_10,9,10,F10,0,-76000,1.0039,0.4632,39.8899,0.5407,39.3492
2024-08-21_10,9,10,D8,-38000,-38000,0.9985,0.386,39.2385,0.6125,38.626
2024-08-21_10,9,10,H8,38000,-38000,1.0002,0.3911,39.3635,0.6091,38.7544
2024-08-21_10,9,10,B6,-76000,0,0.9941,0.4371,40.9972,0.557,40.4402
2024-08-21_10,9,10,F6,0,0,1.0006,0.2933,40.8462,0.7073,40.1389
2024-08-21_10,9,10,J6,76000,0,0.9988,0.4487,41.0203,0.5501,40.4702
2024-08-21_10,9,10,D4,-38000,38000,0.9954,0.3552,40.5068,0.6402,39.8666
2024-08-21_10,9,10,H4,38000,38000,1.0024,0.3634,40.6017,0.639,39.9627
2024-08-21_10,9,10,F2,0,76000,0.9978,0.4031,42.5757,0.5947,41.981
,,,F10,0,-76000,1.0031,0.4534,40.8461,0.5497,40.2964
,,,D8,-38000,-38000,0.9996,0.3782,39.8003,0.6214,39.1789
,,,H8,38000,-38000,1.0017,0.3762,40.2123,0.6255,39.5868
,,,B6,-76000,0,0.9981,0.4303,41.51,0.5678,40.9422
,,,F6,0,0,1.002,0.2853,41.3979,0.7167,40.6812
,,,J6,76000,0,1.0011,0.4299,42.2657,0.5712,41.6945
,,,D4,-38000,38000,0.9996,0.3458,40.9193,0.6538,40.2655
,,,H4,38000,38000,1.0023,0.3455,41.3635,0.6568,40.7067
,,,F2,0,76000,0.9995,0.3859,43.2036,0.6136,42.59
