process_label,kind,energy_loss_eV,electron_energy_eV,cross_section_m2,evidence_class
Qa,ATTACHMENT,0.0,0.0001,9e-19,measured_attachment_imported_unchanged
Qa,ATTACHMENT,0.0,0.04,1e-19,measured_attachment_imported_unchanged
Qa,ATTACHMENT,0.0,0.08,3.3799999999999997e-20,measured_attachment_imported_unchanged
Qa,ATTACHMENT,0.0,0.1,2.9399999999999995e-20,measured_attachment_imported_unchanged
Qa,ATTACHMENT,0.0,0.14,3.08e-20,measured_attachment_imported_unchanged
Qa,ATTACHMENT,0.0,0.18,3.15e-20,measured_attachment_imported_unchanged
Qa,ATTACHMENT,0.0,0.22,2.66e-20,measured_attachment_imported_unchanged
Qa,ATTACHMENT,0.0,0.25,2.1e-20,measured_attachment_imported_unchanged
Qa,ATTACHMENT,0.0,0.35,7.7e-21,measured_attachment_imported_unchanged
Qa,ATTACHMENT,0.0,0.46,3.4e-21,measured_attachment_imported_unchanged
Qa,ATTACHMENT,0.0,0.5,2.5999999999999998e-21,measured_attachment_imported_unchanged
Qa,ATTACHMENT,0.0,0.6,1.9e-21,measured_attachment_imported_unchanged
Qa,ATTACHMENT,0.0,0.65,1.7e-21,measured_attachment_imported_unchanged
Qa,ATTACHMENT,0.0,0.75,1.7e-21,measured_attachment_imported_unchanged
Qa,ATTACHMENT,0.0,0.9,1.8e-21,measured_attachment_imported_unchanged
Qa,ATTACHMENT,0.0,1.0,2e-21,measured_attachment_imported_unchanged
Qa,ATTACHMENT,0.0,1.1,1.9e-21,measured_attachment_imported_unchanged
Qa,ATTACHMENT,0.0,1.25,1e-21,measured_attachment_imported_unchanged
Qa,ATTACHMENT,0.0,1.4,1.0999999999999998e-22,measured_attachment_imported_unchanged
Qa,ATTACHMENT,0.0,1.45,4e-23,measured_attachment_imported_unchanged
Qa,ATTACHMENT,0.0,1.6,3.3999999999999995e-23,measured_attachment_imported_unchanged
Qa,ATTACHMENT,0.0,1.7,3e-23,measured_attachment_imported_unchanged
Qa,ATTACHMENT,0.0,2.0,2e-23,measured_attachment_imported_unchanged
Qa,ATTACHMENT,0.0,2.28,1.6999999999999997e-23,measured_attachment_imported_unchanged
Qa,ATTACHMENT,0.0,2.55,1.4e-23,measured_attachment_imported_unchanged
Qa,ATTACHMENT,0.0,2.75,1.6999999999999997e-23,measured_attachment_imported_unchanged
Qa,ATTACHMENT,0.0,3.0,1e-23,measured_attachment_imported_unchanged
Qa,ATTACHMENT,0.0,3.65,7e-24,measured_attachment_imported_unchanged
Qa,ATTACHMENT,0.0,4.15,5.999999999999999e-24,measured_attachment_imported_unchanged
Qa,ATTACHMENT,0.0,5.1,4.4e-24,measured_attachment_imported_unchanged
Qa,ATTACHMENT,0.0,5.7,2.9999999999999996e-24,measured_attachment_imported_unchanged
Qa,ATTACHMENT,0.0,6.0,3e-25,measured_attachment_imported_unchanged
Qa,ATTACHMENT,0.0,6.5,4e-25,measured_attachment_imported_unchanged
Qa,ATTACHMENT,0.0,7.0,0.0,measured_attachment_imported_unchanged
Qv1,EXCITATION,0.25,0.25,0.0,swarm_regressed_effective_vibration
Qv1,EXCITATION,0.25,0.35,1.5999999999999999e-21,swarm_regressed_effective_vibration
Qv1,EXCITATION,0.25,0.46,1.05e-19,swarm_regressed_effective_vibration
Qv1,EXCITATION,0.25,0.5,2.66e-19,swarm_regressed_effective_vibration
Qv1,EXCITATION,0.25,0.6,2.816e-19,swarm_regressed_effective_vibration
Qv1,EXCITATION,0.25,0.65,2.66e-19,swarm_regressed_effective_vibration
Qv1,EXCITATION,0.25,0.75,1.7899999999999997e-19,swarm_regressed_effective_vibration
Qv1,EXCITATION,0.25,0.9,1.155e-19,swarm_regressed_effective_vibration
Qv1,EXCITATION,0.25,1.0,8.199999999999999e-20,swarm_regressed_effective_vibration
Qv1,EXCITATION,0.25,1.1,6.349999999999999e-20,swarm_regressed_effective_vibration
Qv1,EXCITATION,0.25,1.25,4.4e-20,swarm_regressed_effective_vibration
Qv1,EXCITATION,0.25,1.4,3.2999999999999994e-20,swarm_regressed_effective_vibration
Qv1,EXCITATION,0.25,1.45,2.9999999999999997e-20,swarm_regressed_effective_vibration
Qv1,EXCITATION,0.25,1.6,2.35e-20,swarm_regressed_effective_vibration
Qv1,EXCITATION,0.25,1.7,2.06e-20,swarm_regressed_effective_vibration
Qv1,EXCITATION,0.25,2.0,6.999999999999999e-21,swarm_regressed_effective_vibration
Qv1,EXCITATION,0.25,2.28,2.2e-21,swarm_regressed_effective_vibration
Qv1,EXCITATION,0.25,2.55,7e-22,swarm_regressed_effective_vibration
Qv1,EXCITATION,0.25,2.75,3.6999999999999995e-22,swarm_regressed_effective_vibration
Qv1,EXCITATION,0.25,3.0,1.25e-22,swarm_regressed_effective_vibration
Qv1,EXCITATION,0.25,3.65,2.4999999999999998e-23,swarm_regressed_effective_vibration
Qv1,EXCITATION,0.25,4.15,7.5e-24,swarm_regressed_effective_vibration
Qv1,EXCITATION,0.25,5.1,3.6e-24,swarm_regressed_effective_vibration
Qv1,EXCITATION,0.25,5.7,1e-24,swarm_regressed_effective_vibration
Qv1,EXCITATION,0.25,6.0,8e-25,swarm_regressed_effective_vibration
Qv1,EXCITATION,0.25,6.5,5e-25,swarm_regressed_effective_vibration
Qv1,EXCITATION,0.25,7.0,3e-25,swarm_regressed_effective_vibration
Qv2,EXCITATION,0.35,0.35,0.0,cC4F8_analog_then_swarm_regressed
Qv2,EXCITATION,0.35,0.46,9.999999999999999e-23,cC4F8_analog_then_swarm_regressed
Qv2,EXCITATION,0.35,0.5,1.5e-22,cC4F8_analog_then_swarm_regressed
Qv2,EXCITATION,0.35,0.6,7.999999999999999e-22,cC4F8_analog_then_swarm_regressed
Qv2,EXCITATION,0.35,0.65,2.34e-21,cC4F8_analog_then_swarm_regressed
Qv2,EXCITATION,0.35,0.75,9.2e-21,cC4F8_analog_then_swarm_regressed
Qv2,EXCITATION,0.35,0.9,8.199999999999999e-20,cC4F8_analog_then_swarm_regressed
Qv2,EXCITATION,0.35,1.0,1.825e-19,cC4F8_analog_then_swarm_regressed
Qv2,EXCITATION,0.35,1.1,1.6899999999999998e-19,cC4F8_analog_then_swarm_regressed
Qv2,EXCITATION,0.35,1.25,1.5e-19,cC4F8_analog_then_swarm_regressed
Qv2,EXCITATION,0.35,1.4,7.35e-20,cC4F8_analog_then_swarm_regressed
Qv2,EXCITATION,0.35,1.45,6.7e-20,cC4F8_analog_then_swarm_regressed
Qv2,EXCITATION,0.35,1.6,5.5e-20,cC4F8_analog_then_swarm_regressed
Qv2,EXCITATION,0.35,1.7,4.4e-20,cC4F8_analog_then_swarm_regressed
Qv2,EXCITATION,0.35,2.0,2.35e-20,cC4F8_analog_then_swarm_regressed
Qv2,EXCITATION,0.35,2.28,2e-20,cC4F8_analog_then_swarm_regressed
Qv2,EXCITATION,0.35,2.55,2.06e-20,cC4F8_analog_then_swarm_regressed
Qv2,EXCITATION,0.35,2.75,4.23e-20,cC4F8_analog_then_swarm_regressed
Qv2,EXCITATION,0.35,3.0,7.759999999999999e-20,cC4F8_analog_then_swarm_regressed
Qv2,EXCITATION,0.35,3.65,1.013e-19,cC4F8_analog_then_swarm_regressed
Qv2,EXCITATION,0.35,4.15,1.1119999999999998e-19,cC4F8_analog_then_swarm_regressed
Qv2,EXCITATION,0.35,5.1,1.2499999999999998e-19,cC4F8_analog_then_swarm_regressed
Qv2,EXCITATION,0.35,5.7,1.275e-19,cC4F8_analog_then_swarm_regressed
Qv2,EXCITATION,0.35,6.0,1.249e-19,cC4F8_analog_then_swarm_regressed
Qv2,EXCITATION,0.35,6.5,1.225e-19,cC4F8_analog_then_swarm_regressed
Qv2,EXCITATION,0.35,7.0,1.1999999999999999e-19,cC4F8_analog_then_swarm_regressed
Qv2,EXCITATION,0.35,7.7,1.0599999999999999e-19,cC4F8_analog_then_swarm_regressed
Qv2,EXCITATION,0.35,10.0,3.6e-20,cC4F8_analog_then_swarm_regressed
Qv2,EXCITATION,0.35,12.0,9e-21,cC4F8_analog_then_swarm_regressed
Qv2,EXCITATION,0.35,14.0,2.8e-21,cC4F8_analog_then_swarm_regressed
Qv2,EXCITATION,0.35,17.0,5e-22,cC4F8_analog_then_swarm_regressed
Qv2,EXCITATION,0.35,19.0,1.9999999999999999e-22,cC4F8_analog_then_swarm_regressed
Qv2,EXCITATION,0.35,22.0,6e-23,cC4F8_analog_then_swarm_regressed
Qv2,EXCITATION,0.35,35.0,2.9e-24,cC4F8_analog_then_swarm_regressed
Qv2,EXCITATION,0.35,60.0,1e-25,cC4F8_analog_then_swarm_regressed
Qex1,EXCITATION,2.0,2.0,0.0,swarm_regressed_effective_excitation
Qex1,EXCITATION,2.0,3.0,8e-25,swarm_regressed_effective_excitation
Qex1,EXCITATION,2.0,3.65,2.4999999999999998e-23,swarm_regressed_effective_excitation
Qex1,EXCITATION,2.0,4.15,2.5e-22,swarm_regressed_effective_excitation
Qex1,EXCITATION,2.0,5.1,8.6e-21,swarm_regressed_effective_excitation
Qex1,EXCITATION,2.0,5.7,2.64e-20,swarm_regressed_effective_excitation
Qex1,EXCITATION,2.0,6.0,2.9e-20,swarm_regressed_effective_excitation
Qex1,EXCITATION,2.0,6.5,2.82e-20,swarm_regressed_effective_excitation
Qex1,EXCITATION,2.0,7.0,2.74e-20,swarm_regressed_effective_excitation
Qex1,EXCITATION,2.0,7.7,2.4e-20,swarm_regressed_effective_excitation
Qex1,EXCITATION,2.0,10.0,1e-21,swarm_regressed_effective_excitation
Qex1,EXCITATION,2.0,12.0,1.0999999999999998e-22,swarm_regressed_effective_excitation
Qex1,EXCITATION,2.0,14.0,1.6e-23,swarm_regressed_effective_excitation
Qex2,EXCITATION,3.0,3.0,0.0,swarm_regressed_effective_excitation
Qex2,EXCITATION,3.0,6.0,1.51e-23,swarm_regressed_effective_excitation
Qex2,EXCITATION,3.0,7.0,2.5999999999999995e-22,swarm_regressed_effective_excitation
Qex2,EXCITATION,3.0,7.7,2e-21,swarm_regressed_effective_excitation
Qex2,EXCITATION,3.0,10.0,1.59e-20,swarm_regressed_effective_excitation
Qex2,EXCITATION,3.0,12.0,2.14e-20,swarm_regressed_effective_excitation
Qex2,EXCITATION,3.0,14.0,2.14e-20,swarm_regressed_effective_excitation
Qex2,EXCITATION,3.0,17.0,2e-20,swarm_regressed_effective_excitation
Qex2,EXCITATION,3.0,19.0,1.8e-20,swarm_regressed_effective_excitation
Qex2,EXCITATION,3.0,22.0,1.3999999999999998e-20,swarm_regressed_effective_excitation
Qex2,EXCITATION,3.0,35.0,4.46e-21,swarm_regressed_effective_excitation
Qex2,EXCITATION,3.0,60.0,9.6e-22,swarm_regressed_effective_excitation
Qex2,EXCITATION,3.0,100.0,1.5e-22,swarm_regressed_effective_excitation
Qex2,EXCITATION,3.0,110.0,9.999999999999999e-23,swarm_regressed_effective_excitation
Qex3,EXCITATION,6.5,6.5,0.0,swarm_regressed_effective_excitation
Qex3,EXCITATION,6.5,7.0,3.5e-23,swarm_regressed_effective_excitation
Qex3,EXCITATION,6.5,7.7,3.7999999999999995e-23,swarm_regressed_effective_excitation
Qex3,EXCITATION,6.5,10.0,1.09e-20,swarm_regressed_effective_excitation
Qex3,EXCITATION,6.5,12.0,1.032e-19,swarm_regressed_effective_excitation
Qex3,EXCITATION,6.5,14.0,1.2499999999999998e-19,swarm_regressed_effective_excitation
Qex3,EXCITATION,6.5,17.0,1.18e-19,swarm_regressed_effective_excitation
Qex3,EXCITATION,6.5,19.0,1.0349999999999999e-19,swarm_regressed_effective_excitation
Qex3,EXCITATION,6.5,22.0,6.3e-20,swarm_regressed_effective_excitation
Qex3,EXCITATION,6.5,35.0,1.3999999999999998e-20,swarm_regressed_effective_excitation
Qex3,EXCITATION,6.5,60.0,2.3e-21,swarm_regressed_effective_excitation
Qex3,EXCITATION,6.5,100.0,5e-22,swarm_regressed_effective_excitation
Qex4,EXCITATION,7.7,7.7,1e-25,cC4F8_analog_then_swarm_regressed
Qex4,EXCITATION,7.7,10.0,6e-21,cC4F8_analog_then_swarm_regressed
Qex4,EXCITATION,7.7,12.0,1.52e-20,cC4F8_analog_then_swarm_regressed
Qex4,EXCITATION,7.7,14.0,2.7999999999999997e-20,cC4F8_analog_then_swarm_regressed
Qex4,EXCITATION,7.7,17.0,3.1e-20,cC4F8_analog_then_swarm_regressed
Qex4,EXCITATION,7.7,19.0,2.9999999999999997e-20,cC4F8_analog_then_swarm_regressed
Qex4,EXCITATION,7.7,22.0,2.6e-20,cC4F8_analog_then_swarm_regressed
Qex4,EXCITATION,7.7,35.0,1.3e-20,cC4F8_analog_then_swarm_regressed
Qex4,EXCITATION,7.7,60.0,4.5e-21,cC4F8_analog_then_swarm_regressed
Qex4,EXCITATION,7.7,100.0,1.7e-21,cC4F8_analog_then_swarm_regressed
Qex4,EXCITATION,7.7,110.0,1.4e-21,cC4F8_analog_then_swarm_regressed
Qex4,EXCITATION,7.7,200.0,3.9999999999999997e-22,cC4F8_analog_then_swarm_regressed
Qdiss,EXCITATION,10.0,10.0,7e-24,cC4F8_analog_imported_unchanged
Qdiss,EXCITATION,10.0,12.0,4e-23,cC4F8_analog_imported_unchanged
Qdiss,EXCITATION,10.0,14.0,9.999999999999999e-23,cC4F8_analog_imported_unchanged
Qdiss,EXCITATION,10.0,17.0,1.9999999999999999e-22,cC4F8_analog_imported_unchanged
Qdiss,EXCITATION,10.0,19.0,1.9999999999999999e-22,cC4F8_analog_imported_unchanged
Qdiss,EXCITATION,10.0,22.0,3.6999999999999995e-22,cC4F8_analog_imported_unchanged
Qdiss,EXCITATION,10.0,35.0,7.999999999999999e-22,cC4F8_analog_imported_unchanged
Qdiss,EXCITATION,10.0,60.0,1.2999999999999999e-21,cC4F8_analog_imported_unchanged
Qdiss,EXCITATION,10.0,100.0,1.7e-21,cC4F8_analog_imported_unchanged
Qi,IONIZATION,12.0,12.0,0.0,measured_total_ionization_imported_unchanged
Qi,IONIZATION,12.0,14.0,6e-21,measured_total_ionization_imported_unchanged
Qi,IONIZATION,12.0,17.0,1.3e-20,measured_total_ionization_imported_unchanged
Qi,IONIZATION,12.0,19.0,1.8e-20,measured_total_ionization_imported_unchanged
Qi,IONIZATION,12.0,22.0,2.6e-20,measured_total_ionization_imported_unchanged
Qi,IONIZATION,12.0,35.0,5.599999999999999e-20,measured_total_ionization_imported_unchanged
Qi,IONIZATION,12.0,60.0,8.999999999999999e-20,measured_total_ionization_imported_unchanged
Qi,IONIZATION,12.0,100.0,1.0699999999999999e-19,measured_total_ionization_imported_unchanged
Qi,IONIZATION,12.0,110.0,1.05e-19,measured_total_ionization_imported_unchanged
Qi,IONIZATION,12.0,200.0,9.4e-20,measured_total_ionization_imported_unchanged
