source_figure,window_to_wafer_gap_cm,pressure_mTorr,tcp_source_power_W,measured_relative_cl2_density_percent,cl_to_cl2_number_density_ratio,declared_gas_temperature_K,gas_temperature_role,gauge_pressure_Pa,initial_cl2_particle_fraction,eq11_particle_pressure_multiplier,bulk_particle_pressure_Pa,bulk_neutral_density_m3,neufeld_reduced_temperature,neufeld_omega_11,cl_in_cl2_diffusivity_m2_s,cl_in_cl2_reduced_diffusivity_m_inv_s,chlorine_mean_speed_m_s,required_wall_return_frequency_s_inv,absorbing_wall_limit_frequency_s_inv,target_is_transport_attainable,effective_wall_recombination_probability,matched_wall_return_frequency_s_inv,published_fitted_gamma,published_gamma_transport_frequency_s_inv,published_gamma_replayed_relative_cl2_percent,published_gamma_replay_error_percentage_point,supports_prediction,supports_local_wall_probability_prediction,supports_wafer_flux,supports_feature_depth
Figure 7,11,10,200.704,99.8342,3.32150706e-03,333.0,initial_condition_sensitivity,1.33322368e+00,9.50000000e-01,1.00157510e+00,1.33532364e+00,2.90441735e+20,2.0350706634,1.06891962991,1.41301149e+00,4.10397510e+20,4.45946512e+02,1.13197311e+04,1.09503552e+03,false,,,0.035,1.00538558e+02,84.24700562,-15.58719438,false,false,false,false
Figure 7,11,10,499.936,91.9403,1.75324640e-01,333.0,initial_condition_sensitivity,1.33322368e+00,9.50000000e-01,1.07656715e+00,1.43530482e+00,3.12188304e+20,2.0350706634,1.06891962991,1.31458324e+00,4.10397510e+20,4.45946512e+02,5.64930772e+02,1.03168368e+03,true,0.294546884462,5.64930772e+02,0.035,9.99460020e+01,66.86731405,-25.07298595,false,false,false,false
Figure 7,11,10,700.640,82.8856,4.12964375e-01,333.0,initial_condition_sensitivity,1.33322368e+00,9.50000000e-01,1.16258680e+00,1.54998826e+00,3.37132710e+20,2.0350706634,1.06891962991,1.21731739e+00,4.10397510e+20,4.45946512e+02,3.91957684e+02,9.67453584e+02,true,0.180037089583,3.91957684e+02,0.035,9.92747850e+01,55.08928578,-27.79631422,false,false,false,false
Figure 7,11,10,800.384,55.0249,1.63471810e+00,333.0,initial_condition_sensitivity,1.33322368e+00,9.50000000e-01,1.42726345e+00,1.90286144e+00,4.13884963e+20,2.0350706634,1.06891962991,9.91573860e-01,4.10397510e+20,4.45946512e+02,1.07929619e+02,8.11821080e+02,true,0.0392806360302,1.07929619e+02,0.035,9.72649136e+01,52.43895752,-2.58594248,false,false,false,false
Figure 7,11,2,149.616,91.9403,1.75324640e-01,333.0,initial_condition_sensitivity,2.66644737e-01,9.50000000e-01,1.07656715e+00,2.87060964e-01,6.24376607e+19,2.0350706634,1.06891962991,6.57291618e+00,4.10397510e+20,4.45946512e+02,2.89275135e+02,3.05223089e+03,true,0.0945529874616,2.89275135e+02,0.035,1.07187253e+02,80.86809785,-11.07220215,false,false,false,false
Figure 7,11,2,300.448,68.9552,9.00433905e-01,333.0,initial_condition_sensitivity,2.66644737e-01,9.50000000e-01,1.29492560e+00,3.45285096e-01,7.51017949e+19,2.0350706634,1.06891962991,5.46454996e+00,4.10397510e+20,4.45946512e+02,1.48411280e+02,2.77692642e+03,true,0.0487189623688,1.48411280e+02,0.035,1.06796222e+02,61.51377890,-7.44142110,false,false,false,false
Figure 7,11,2,499.936,56.8823,1.51603223e+00,333.0,initial_condition_sensitivity,2.66644737e-01,9.50000000e-01,1.40961815e+00,3.75867261e-01,8.17536182e+19,2.0350706634,1.06891962991,5.01993085e+00,4.10397510e+20,4.45946512e+02,1.98259459e+02,2.65148176e+03,true,0.0654481917218,1.98259459e+02,0.035,1.06591892e+02,41.49550478,-15.38679522,false,false,false,false
Figure 7,11,2,700.640,42.0232,2.75927583e+00,333.0,initial_condition_sensitivity,2.66644737e-01,9.50000000e-01,1.55077960e+00,4.13507218e-01,8.99405583e+19,2.0350706634,1.06891962991,4.56298602e+00,4.10397510e+20,4.45946512e+02,1.65165211e+02,2.51189150e+03,true,0.0546194018357,1.65165211e+02,0.035,1.06341402e+02,31.81877649,-10.20442351,false,false,false,false
Figure 7,11,2,867.286,28.7894,4.94700133e+00,333.0,initial_condition_sensitivity,2.66644737e-01,9.50000000e-01,1.67650070e+00,4.47030088e-01,9.72320044e+19,2.0350706634,1.06891962991,4.22080685e+00,4.10397510e+20,4.45946512e+02,1.24873808e+02,2.39941186e+03,true,0.041263399517,1.24873808e+02,0.035,1.06119234e+02,25.57122760,-3.21817240,false,false,false,false
Figure 7,11,1,300.448,65.0083,1.07653023e+00,333.0,initial_condition_sensitivity,1.33322368e-01,9.50000000e-01,1.33242115e+00,1.77641543e-01,3.86382121e+19,2.0350706634,1.06891962991,1.06215451e+01,4.10397510e+20,4.45946512e+02,2.20564064e+02,3.75685033e+03,true,0.0710567044876,2.20564064e+02,0.035,1.07929301e+02,47.61910851,-17.38919149,false,false,false,false
Figure 7,11,1,499.936,36.9154,3.41779312e+00,333.0,initial_condition_sensitivity,1.33322368e-01,9.50000000e-01,1.59930370e+00,2.13222957e-01,4.63774052e+19,2.0350706634,1.06891962991,8.84908306e+00,4.10397510e+20,4.45946512e+02,1.33846359e+02,3.49338140e+03,true,0.0434590055254,1.33846359e+02,0.035,1.07686965e+02,32.01000838,-4.90539162,false,false,false,false
Figure 7,11,1,700.640,29.9502,4.67775173e+00,333.0,initial_condition_sensitivity,1.33322368e-01,9.50000000e-01,1.66547310e+00,2.22044818e-01,4.82962184e+19,2.0350706634,1.06891962991,8.49750817e+00,4.10397510e+20,4.45946512e+02,1.58545751e+02,3.43388015e+03,true,0.0514725536815,1.58545751e+02,0.035,1.07627036e+02,22.49513345,-7.45506655,false,false,false,false
Figure 7,11,1,850.256,25.0746,5.97619902e+00,333.0,initial_condition_sensitivity,1.33322368e-01,9.50000000e-01,1.71179130e+00,2.28220070e-01,4.96393766e+19,2.0350706634,1.06891962991,8.26757986e+00,4.10397510e+20,4.45946512e+02,1.40375308e+02,3.39346027e+03,true,0.0456236605544,1.40375308e+02,0.035,1.07585123e+02,20.41306511,-4.66153489,false,false,false,false
Figure 7,11,0.5,300.448,45.0415,2.44034946e+00,333.0,initial_condition_sensitivity,6.66611842e-02,9.50000000e-01,1.52210575e+00,1.01465372e-01,2.20693903e+19,2.0350706634,1.06891962991,1.85957793e+01,4.10397510e+20,4.45946512e+02,1.48780123e+02,4.49151390e+03,true,0.0478171761567,1.48780123e+02,0.035,1.08451487e+02,37.39845293,-7.64304707,false,false,false,false
Figure 7,11,0.5,850.256,19.9668,8.01662760e+00,333.0,initial_condition_sensitivity,6.66611842e-02,9.50000000e-01,1.76031540e+00,1.17344709e-01,2.55232513e+19,2.0350706634,1.06891962991,1.60793586e+01,4.10397510e+20,4.45946512e+02,1.38867002e+02,4.31408015e+03,true,0.044733352925,1.38867002e+02,0.035,1.08342254e+02,16.29293132,-3.67386868,false,false,false,false
Figure 8,6.5,10,300.064,92.8444,1.54141768e-01,333.0,initial_condition_sensitivity,1.33322368e+00,9.50000000e-01,1.06797820e+00,1.42385383e+00,3.09697637e+20,2.0350706634,1.06891962991,1.32515545e+00,4.10397510e+20,4.45946512e+02,2.05397207e+02,2.38243675e+03,true,0.0486905342397,2.05397207e+02,0.035,1.49937017e+02,90.45037376,-2.39402624,false,false,false,false
Figure 8,6.5,10,499.297,90.6977,2.05127583e-01,333.0,initial_condition_sensitivity,1.33322368e+00,9.50000000e-01,1.08837185e+00,1.45104313e+00,3.15611489e+20,2.0350706634,1.06891962991,1.30032500e+00,4.10397510e+20,4.45946512e+02,2.51062023e+02,2.35006142e+03,true,0.0603838961917,2.51062023e+02,0.035,1.49774309e+02,85.32972907,-5.36797093,false,false,false,false
Figure 8,6.5,10,699.744,76.4758,6.15206379e-01,333.0,initial_condition_sensitivity,1.33322368e+00,9.50000000e-01,1.22347990e+00,1.63117238e+00,3.54790794e+20,2.0350706634,1.06891962991,1.15673100e+00,4.10397510e+20,4.45946512e+02,1.46105460e+02,2.15577889e+03,true,0.0343573580111,1.46105460e+02,0.035,1.48708003e+02,76.79195063,0.31615063,false,false,false,false
Figure 8,6.5,10,824.872,54.2039,1.68977140e+00,333.0,initial_condition_sensitivity,1.33322368e+00,9.50000000e-01,1.43506295e+00,1.91325991e+00,4.16146701e+20,2.0350706634,1.06891962991,9.86184702e-01,4.10397510e+20,4.45946512e+02,6.50853754e+01,1.90824817e+03,true,0.0149684335513,6.50853754e+01,0.035,1.47077912e+02,72.78648392,18.58258392,false,false,false,false
Figure 8,6.5,2,349.872,82.9159,4.12082604e-01,333.0,initial_condition_sensitivity,2.66644737e-01,9.50000000e-01,1.16229895e+00,3.09920898e-01,6.74098476e+19,2.0350706634,1.06891962991,6.08809432e+00,4.10397510e+20,4.45946512e+02,2.67423961e+02,5.42313997e+03,true,0.0594298637315,2.67423961e+02,0.035,1.57021403e+02,74.02417603,-8.89172397,false,false,false,false
Figure 8,6.5,2,499.297,72.9875,7.40195239e-01,333.0,initial_condition_sensitivity,2.66644737e-01,9.50000000e-01,1.25661875e+00,3.35070776e-01,7.28801126e+19,2.0350706634,1.06891962991,5.63113167e+00,4.10397510e+20,4.45946512e+02,2.39280285e+02,5.27004667e+03,true,0.0533031994012,2.39280285e+02,0.035,1.56852060e+02,63.91451854,-9.07298146,false,false,false,false
Figure 8,6.5,2,699.744,66.0107,1.02981183e+00,333.0,initial_condition_sensitivity,2.66644737e-01,9.50000000e-01,1.32289835e+00,3.52743882e-01,7.67241303e+19,2.0350706634,1.06891962991,5.34900179e+00,4.10397510e+20,4.45946512e+02,3.04831080e+02,5.16785519e+03,true,0.0679120756876,3.04831080e+02,0.035,1.56733330e+02,49.96397809,-16.04672191,false,false,false,false
Figure 8,6.5,2,900.192,48.8372,2.09523888e+00,333.0,initial_condition_sensitivity,2.66644737e-01,9.50000000e-01,1.48604660e+00,3.96246505e-01,8.61862387e+19,2.0350706634,1.06891962991,4.76175218e+00,4.10397510e+20,4.45946512e+02,1.72503508e+02,4.93318745e+03,true,0.0385909990254,1.72503508e+02,0.035,1.56442020e+02,46.39992808,-2.43727192,false,false,false,false
